company,title,location,repository,category,salary,age,url
NVIDIA,Research Scientist - Electronic Design Automation - New College Grad 2026,"Santa Clara, CA",2027-AI-College-Jobs,FAANG,$172k/yr,63d,https://nvidia.wd5.myworkdayjobs.com/en-US/nvidiaexternalcareersite/job/US-CA-Santa-Clara/Research-Scientist--Electronic-Design-Automation---New-College-Grad-2026_JR2012979
TikTok,Anti-Fraud Risk Data Analyst - Multiple Positions,"Seattle, WA",2027-AI-College-Jobs,FAANG,$200k/yr,90d,https://lifeattiktok.com/search/7636944382403823877
Citadel,Quantitative Research Analyst - University Graduate - US,"Miami, FL +1",2027-AI-College-Jobs,Finance,$338k/yr,21d,https://www.citadel.com/careers/details/quantitative-research-analyst-university-graduate-us/
Citadel,Quantitative Trader: Equity Quantitative Research - University Graduate - US,"New York City, NY",2027-AI-College-Jobs,Finance,$338k/yr,21d,https://www.citadel.com/careers/details/quantitative-trader-equity-quantitative-research-university-graduate-us/
Citadel Securities,Quantitative Trader - University Graduate - US - Miami,"Miami, FL",2027-AI-College-Jobs,Finance,$338k/yr,21d,https://www.citadelsecurities.com/careers/details/quantitative-trader-university-graduate-us-miami/
Citadel Securities,Quantitative Trader - University Graduate - US - New York,"New York City, NY",2027-AI-College-Jobs,Finance,$338k/yr,21d,https://www.citadelsecurities.com/careers/details/quantitative-trader-university-graduate-us-new-york/
Citadel Securities,Quantitative Research Analyst - University Graduate - US,"Miami, FL +1",2027-AI-College-Jobs,Finance,$338k/yr,21d,https://www.citadelsecurities.com/careers/details/quantitative-research-analyst-university-graduate-us/
Five Rings,Campus Full Time 2027 - Quantitative Trader,"New York City, NY",2027-AI-College-Jobs,Finance,$381k/yr,21d,https://job-boards.greenhouse.io/fiveringsllc/jobs/5255334008
Arrowstreet Capital,Quantitative Researcher,"Boston, MA",2027-AI-College-Jobs,Finance,$208k/yr,27d,https://arrowstreetcapital.wd5.myworkdayjobs.com/en-US/arrowstreet/job/Boston/Quantitative-Researcher_R1066-3
Akuna Capital,Akuna Capital’s 2026 Virtual Quant Trading Challenge,"Remote - Chicago, IL",2027-AI-College-Jobs,Finance,$191k/yr,54d,https://www.akunacapital.com/careers/job/7993921/?gh_jid=7993921
Tencent,AI Script Editor & Screenwriter - AI Creator Platform,"Los Angeles, CA",2027-AI-College-Jobs,Other,"$80,168.00 to $139,900.00",6d,https://tencent.wd1.myworkdayjobs.com/en-US/tencent_careers/job/US-California-Los-Angeles/AI-Script-Editor---Screenwriter---AI-Creator-Platform--WorkSolo-_R107696-1
Weekday,Machine Learning Engineer - Model Evaluation & Experimentation,USA,2027-AI-College-Jobs,Other,$60-$90 per hour,6d,https://apply.workable.com/weekday-1/j/BF32A485B8/
Maersk,Data Analyst - Hopedale - MA,"Hopedale, MA",2027-AI-College-Jobs,Other,"$60,000-$69,000",7d,https://maersk.wd3.myworkdayjobs.com/en-US/maersk_careers/job/United-States-of-Americas-Massachusetts-Hopedale-01747/Data-Analyst_R186370
Booz Allen,Data Scientist,"Arlington, VA +3",2027-AI-College-Jobs,Other,"$77,600.00 to $176,000.00",9d,https://bah.wd1.myworkdayjobs.com/en-US/bah_jobs/job/Arlington-VA/Data-Scientist_R0245016
CACI,AI Prompt Engineer,"Ashburn, VA",2027-AI-College-Jobs,Other,"$66,700 - $133,300",9d,https://caci.wd1.myworkdayjobs.com/en-US/external/job/Ashburn-VA-US/AI-Prompt-Engineer_328834
M&T Bank,Credit Risk Model Development Quantitative Analyst II - Consumer Portfolio - Hybrid - see job description for potential work locations,"Buffalo, NY +6",2027-AI-College-Jobs,Other,"$71,600.00 - $119,300.00",9d,https://mtb.wd5.myworkdayjobs.com/en-US/mtb/job/Buffalo-NY/Credit-Risk-Model-Development-Quantitative-Analyst-II---Consumer-Portfolio--Hybrid---see-job-description-for-potential-work-locations-_R88165
S&P Global,Machine Learning Engineer,"New York City, NY",2027-AI-College-Jobs,Other,"$209,000  to  $250,300",9d,https://spgi.wd5.myworkdayjobs.com/en-US/spgi_internal/job/New-York-NY/Machine-Learning-Engineer_330796
State Street,Artificial Intelligence & Machine Learning - Off - US Only,"Boston, MA",2027-AI-College-Jobs,Other,"$70,000 - $118,750",9d,https://statestreet.wd1.myworkdayjobs.com/en-US/global/job/Boston-Massachusetts/Artificial-Intelligence---Machine-Learning--Off--US-Only-_R-792375
Fabletics,Data Analyst II,"El Segundo, CA",2027-AI-College-Jobs,Other,"$100,000-$115,000",13d,https://justfab.wd1.myworkdayjobs.com/en-US/fabletics/job/El-Segundo-CA/Data-Analyst-II_R8466
Huckberry,Jr. AI Process Engineer,"Austin, TX",2027-AI-College-Jobs,Other,,13d,https://apply.workable.com/huckberry/j/605FD224D9/
Vertex,Stem Cell Research Scientist,"Boston, MA",2027-AI-College-Jobs,Other,"$104,200 - $156,200",13d,https://vrtx.wd501.myworkdayjobs.com/en-US/vertex_careers/job/Boston-MA/Stem-Cell-Research-Scientist_REQ-29654
Wells Fargo,Securities Quantitative Analytics Associate - #001924,"New York City, NY",2027-AI-College-Jobs,Other,"$143,000 - $224,000",13d,https://wf.wd1.myworkdayjobs.com/en-US/wellsfargojobs/job/NEW-YORK-NY/Securities-Quantitative-Analytics-Associate---001924-_R-563080-1
Cervélo,Master Data Analyst,"Aliso Viejo, CA",2027-AI-College-Jobs,Other,"$73,000-$80,000",14d,https://santacruzbicycles.wd1.myworkdayjobs.com/en-US/cervelo/job/Aliso-Viejo-CA/Master-Data-Analyst_JR100657
DaVita Kidney Care,Data Analyst - Clinical Analytics and Reporting,"Remote - Denver, CO",2027-AI-College-Jobs,Other,"$57,784.00 - $85,000.00",14d,https://davita.wd1.myworkdayjobs.com/en-US/dkc_external/job/09567---Denver-HQ-Non-CA-or-CO-Remote/Data-Analyst--Clinical-Analytics-and-Reporting_R0455734
Lilly,Agentic AI Data Engineer - CMC Data Integration,"Indianapolis, IN",2027-AI-College-Jobs,Other,"$65,250 - $169,400",14d,https://lilly.wd115.myworkdayjobs.com/en-US/lly/job/US-Indianapolis-IN/Agentic-AI-Data-Engineer---CMC-Data-Integration_R-106834-1
Bloomberg Industry Group,Web Application Architect 1- Machine Learning,"Arlington, VA",2027-AI-College-Jobs,Other,"$110,000.00-$140,000.00",15d,https://bloomberg.wd1.myworkdayjobs.com/en-US/bloombergindustrygroup_external_career_site/job/Arlington-VA---1801-S-Bell-INDG/Web-Application-Architect-1--Machine-Learning_143076
Boeing,Experienced Fault & Autonomy Engineer - Experimental Space Programs,"Seal Beach, CA +3",2027-AI-College-Jobs,Other,"$124,100 - $167,900",15d,https://boeing.wd1.myworkdayjobs.com/en-US/external_subsidiary/job/USA---Seal-Beach-CA/Experienced-Fault---Autonomy-Engineer---Experimental-Space-Programs_JR2026518651-1
Boeing,Experienced Fault & Autonomy Engineer - Experimental Space Programs,"Seal Beach, CA +3",2027-AI-College-Jobs,Other,"$124,100 - $167,900",15d,https://boeing.wd1.myworkdayjobs.com/en-US/external_careers/job/USA---Seal-Beach-CA/Experienced-Fault---Autonomy-Engineer---Experimental-Space-Programs_JR2026518651-2
Booz Allen,Human Capital Data Analyst,"Chantilly, VA",2027-AI-College-Jobs,Other,"$62,000.00 to $141,000.00",16d,https://bah.wd1.myworkdayjobs.com/en-US/bah_jobs/job/Chantilly-VA/Human-Capital-Data-Analyst_R0244767
Booz Allen,Artificial Intelligence Engineer,"Atlanta, GA",2027-AI-College-Jobs,Other,"$77,500.00 to $176,000.00",16d,https://bah.wd1.myworkdayjobs.com/en-US/bah_jobs/job/Atlanta-GA/Artificial-Intelligence-Engineer_R0233274
WEX,Fraud / Credit Data Scientist - Risk Solutions,Remote - USA,2027-AI-College-Jobs,Other,"$120,900.00 - $136,800.00",20d,https://wexinc.wd5.myworkdayjobs.com/en-US/wexinc/job/US---Remote/Fraud---Credit-Data-Scientist--Risk-Solutions_R21716
UL Research Institutes,Research Scientist II - Fire Safety Research Institute,"Columbia, MD",2027-AI-College-Jobs,Other,"$81,456.37-$112,002.51",21d,https://ulse.wd5.myworkdayjobs.com/en-US/ulricareers/job/Columbia-MD/Research-Scientist-II---Fire-Safety-Research-Institute_JR1496-1
Booz Allen,Agentic AI Engineer,"Annapolis Junction, MD",2027-AI-College-Jobs,Other,"$77,600.00 to $176,000.00",22d,https://bah.wd1.myworkdayjobs.com/en-US/bah_jobs/job/Annapolis-Junction-MD/Agentic-AI-Engineer_R0243058
Hewlett Packard Enterprise,HPE Labs - AI/ML Research Scientist III,"Milpitas, CA",2027-AI-College-Jobs,Other,,23d,https://hpe.wd5.myworkdayjobs.com/en-US/jobsathpe/job/Milpitas-California-United-States-of-America/HPE-Labs---AI-ML-Research-Scientist-III_1209875-2
Hewlett Packard Enterprise,HPE Labs - AI/ML Research Scientist III,"Milpitas, CA",2027-AI-College-Jobs,Other,,23d,https://hpe.wd5.myworkdayjobs.com/en-US/acjobsite/job/Milpitas-California-United-States-of-America/HPE-Labs---AI-ML-Research-Scientist-III_1209875
Guidehouse,Data Analyst/FM Product Consultant,"McLean, VA +3",2027-AI-College-Jobs,Other,,26d,https://guidehouse.wd1.myworkdayjobs.com/en-US/external/job/US---VA-McLean/Data-Analyst-FM-Product-Consultant_41716
Cotiviti,Generative AI Scientist - Model Risk & Validation,Remote - USA,2027-AI-College-Jobs,Other,"$110,000 to $130,000",28d,https://careers-cotiviti.icims.com/jobs/19583/generative-ai-scientist---%28model-risk-%26-validation%29/job
M&T Bank,Credit Risk Model Development Quantitative Analyst II - Consumer Portfolio - Hybrid - see job description for potential work locations,"Buffalo, NY +5",2027-AI-College-Jobs,Other,"$71,600.00 - $119,300.00",28d,https://mtb.wd5.myworkdayjobs.com/en-US/mtb/job/Buffalo-NY/Credit-Risk-Model-Development-Quantitative-Analyst-II---Consumer-Portfolio--Hybrid---see-job-description-for-potential-work-locations-_R83338
GDIT,Human Performance Data Scientist I,USA,2027-AI-College-Jobs,Other,"$72,877 - $98,599",29d,https://gdit.wd5.myworkdayjobs.com/en-US/external_career_site/job/USA-FL-Hurlburt-Field---229-Cody-Ave-FLC017/Human-Performance-Data-Scientist-I_RQ210954
Signet Jewelers,Data Analyst - Central Merchandise Operations,"Akron, OH",2027-AI-College-Jobs,Other,,30d,https://signetjewelers.wd1.myworkdayjobs.com/en-US/signetcorporatecareers/job/Support-Center---Akron-OH/Data-Analyst--Central-Merchandise-Operations_REQ_81709
Bosch,AI/ML Engineer_MS,"Telengana, IN",2027-AI-College-Jobs,Other,,34d,https://jobs.smartrecruiters.com/BoschGroup/744000135418038-ai-ml-engineer-ms?oga=true
Busek,Data Analyst,"Natick, MA",2027-AI-College-Jobs,Other,,34d,http://busek.applytojob.com/apply/lwufjJR4I4/Data-Analyst
U.S. Bank,Quantitative Strategist - Commodities,"Charlotte, NC +1",2027-AI-College-Jobs,Other,"$126,820.00 - $149,200.00",35d,https://usbank.wd1.myworkdayjobs.com/en-US/us_bank_careers/job/Charlotte-NC/Quantitative-Strategist---Commodities_2026-0018605
Black Cape,Python Data Engineer,"Tampa, FL",2027-AI-College-Jobs,Other,,36d,http://blackcape.applytojob.com/apply/AxU2pDbq3P/Python-Data-Engineer
Quantiphi,Architect ML - AI Researcher,Remote - USA,2027-AI-College-Jobs,Other,,37d,https://quantiphi.wd1.myworkdayjobs.com/en-US/careers_at_quantiphi/job/USA---Remote/Architect-ML---AI-Researcher_JR10634
Susquehanna International Group,Quantitative Systematic Trader - Master's: 2027,"New York City, NY",2027-AI-College-Jobs,Other,"$300,000 (Est.)",37d,https://careers-sig.icims.com/jobs/11022/quantitative-systematic-trader-%e2%80%93-master%27s%3a-2027/job
Quantcast,Machine Learning Engineer,"San Francisco, CA",2027-AI-College-Jobs,Other,"$151,300 - $178,000",40d,https://jobs.ashbyhq.com/quantcast/2a6d8f0e-e0f3-4114-944b-2736b26072c4
GlobalFoundries,Global Tapeout and Mask Operations - Biz App and Data Engineer - 2026 New College Graduate,"Austin, TX",2027-AI-College-Jobs,Other,"$54,200.00 - $110,300.00",42d,https://globalfoundries.wd1.myworkdayjobs.com/en-US/external/job/USA---Texas---Austin/Global-Tapeout-and-Mask-Operations--Biz-App-and-Data-Engineer--2026-New-College-Graduate-_JR-2502471-1
Ignite IT,Jr. AI Prompt Engineer,"Ashburn, VA",2027-AI-College-Jobs,Other,,43d,https://apply.workable.com/ignite-33/j/81F38A4E63/
Peraton,Data Analyst,USA,2027-AI-College-Jobs,Other,"$86,000 - $138,000",44d,https://careers-peraton.icims.com/jobs/167837/data-analyst/job
PIMCO,Quantitative Research Analyst - Client Solutions & Analytics,"Newport Beach, CA",2027-AI-College-Jobs,Other,"$ 205,000.00 - $ 230,000.00",44d,https://pimco.wd1.myworkdayjobs.com/en-US/pimco-careers/job/Newport-Beach-CA-USA/Quantitative-Research-Analyst_R106236
RELX,AI Agent Engineer,"Alpharetta, GA +7",2027-AI-College-Jobs,Other,"$74,900 - $124,700",44d,https://relx.wd3.myworkdayjobs.com/en-US/relx/job/Alpharetta-GA/AI-Agent-Engineer_R113765-2
RELX,AI Agent Engineer,"Alpharetta, GA +6",2027-AI-College-Jobs,Other,"$74,900 - $124,700",44d,https://relx.wd3.myworkdayjobs.com/en-US/relx/job/Alpharetta-GA/AI-Agent-Engineer_R115152
US Ghost Adventures,AI Content Creation,"Houston, TX",2027-AI-College-Jobs,Other,"$42,000 - $42,000",46d,http://usghostadventures.applytojob.com/apply/22dcazkGTe/AI-Content-Creation
Hayden AI,Deep Learning Engineer,"San Francisco, CA",2027-AI-College-Jobs,Other,"$161,637 - $175,000",47d,https://jobs.ashbyhq.com/haydenai/f9da378a-156e-4fa4-8d8c-34580a05b4c9
SWBC,Data Analyst,"San Antonio, TX",2027-AI-College-Jobs,Other,,50d,https://swbc.wd1.myworkdayjobs.com/en-US/swbccareers/job/San-Antonio-TX/Data-Analyst_R0015059-1
Plus,Data Engineer,"Santa Clara, CA",2027-AI-College-Jobs,Other,"$135,000 - $180,000",53d,https://jobs.lever.co/plus-2/083142f4-70ed-40f4-8726-a5f99ea52e36
Blackstone,Data Analyst - Associate - Private Equity and Real Estate Technology,"New York City, NY",2027-AI-College-Jobs,Other,"$135,000 - $170,000",55d,https://blackstone.wd1.myworkdayjobs.com/en-US/blackstone_careers/job/New-York/Data-Analyst--Associate---Private-Equity-and-Real-Estate-Technology_43594-1
Applied Materials,Data Scientist - Agentic AI / ML,"Santa Clara, CA",2027-AI-College-Jobs,Other,"$142,500.00 - $196,500.00",56d,https://amat.wd1.myworkdayjobs.com/en-US/external/job/Santa-ClaraCA/Data-Scientist---Agentic-AI---ML_R2621700
Vertex,Toxicology Research Scientist,"San Diego, CA",2027-AI-College-Jobs,Other,"$101,600 - $152,400",58d,https://vrtx.wd501.myworkdayjobs.com/en-US/vertex_careers/job/San-Diego-CA/Toxicology-Research-Scientist_REQ-29297
Morningstar,Associate AI Engineer,"Chicago, IL",2027-AI-College-Jobs,Other,"$85,000 - $144",62d,https://morningstar.wd5.myworkdayjobs.com/en-US/americas/job/Chicago/Associate-AI-Engineer_REQ-055574
Allen Control Systems,Computer Vision & Machine Learning - Associate,"Austin, TX +1",2027-AI-College-Jobs,Other,"$94,000 - $154,000",63d,https://jobs.ashbyhq.com/allen-control-systems/cfb348d0-ab31-4fa5-9bd5-def1de764ca9
Board International,Associate AI Engineer - 6-month contract,"Boston, MA",2027-AI-College-Jobs,Other,,63d,http://boardinternationalsa.applytojob.com/apply/LeNTy0zfun/Associate-AI-Engineer-6month-Contract
CornerStone Partners,Data Analyst - Investment Operations and Risk Management,"Charlottesville, VA",2027-AI-College-Jobs,Other,"$75,000 - $85,000",63d,http://csptest2025.applytojob.com/apply/LRK51fqVeT/Data-Analyst-Investment-Operations-And-Risk-Management
Match Group,Machine Learning Engineer II,"Palo Alto, CA +1",2027-AI-College-Jobs,Other,"$145,000 - $165,000",63d,https://jobs.lever.co/matchgroup/613fab0e-1e84-4604-9fae-08785c3a792e
PIMCO,Quantitative Research Analyst - Client Analytics,"Newport Beach, CA",2027-AI-College-Jobs,Other,"$ 145,500.00 - $ 205,000.00",63d,https://pimco.wd1.myworkdayjobs.com/en-US/pimco-careers/job/Newport-Beach-CA-USA/Quantitative-Research-Analyst---Client-Analytics_R106268
Anduril,Flight Test Engineer - Mission Autonomy,"Costa Mesa, CA",2027-AI-College-Jobs,Other,"$113,000 - $149,000   USD",64d,https://boards.greenhouse.io/andurilindustries/jobs/5125849007?gh_jid=5125849007
KLA,Algorithm Engineer,"Milpitas, CA",2027-AI-College-Jobs,Other,"$136,300.00 - $231,700.00",64d,https://kla.wd1.myworkdayjobs.com/en-US/search/job/Milpitas-CA/Algorithm-Engineer_2636731
Unisys,Commercial Strategy & AI Analyst,"Remote - Pennsylvania, USA",2027-AI-College-Jobs,Other,,64d,https://unisys.wd5.myworkdayjobs.com/en-US/external/job/Remote-PA-United-States-of-America/Commercial-Strategy-Analyst_REQ572087
Lentech,Junior Data Scientist,"Fort Meade, MD",2027-AI-College-Jobs,Other,"$131,485.00 (Est.)",68d,http://lentechinc.applytojob.com/apply/61VyfBHeGU/Junior-Data-Scientist
Faraday Future,AI Operations Specialist / AI Native Operator,"El Segundo, CA",2027-AI-College-Jobs,Other,"$85,000 - $95,000",69d,https://job-boards.greenhouse.io/faradayfuture/jobs/7749069003
Scale AI,Enterprise AI Development Strategist,"San Francisco, CA",2027-AI-College-Jobs,Other,"$80,000  -  $100,000",69d,https://job-boards.greenhouse.io/scaleai/jobs/4699572005
Silvus Technologies,Machine Learning Engineer,"Los Angeles, CA",2027-AI-College-Jobs,Other,"$100,000 - $140,000   USD",69d,https://job-boards.greenhouse.io/silvus/jobs/5233544008
Lyra Health,Clinical Product Specialist - AI Development,USA,2027-AI-College-Jobs,Other,"$106,000 - $162,500",70d,https://jobs.lever.co/lyrahealth/b2f04e56-7db2-4615-bf1d-436ec628e92d
New York Institute of Technology (NYIT),AI Enablement & Solutions Specialist,"Old Westbury, NY",2027-AI-College-Jobs,Other,"$110,000.00 (Est.)",70d,https://careers-nyit.icims.com/jobs/4210/ai-enablement-%26-solutions-specialist/job
Scopely,Data Scientist - Marketing,"San Francisco, CA +1",2027-AI-College-Jobs,Other,"$141,800 - $202,500   USD",70d,https://job-boards.greenhouse.io/scopely/jobs/5208115008?gh_jid=5208115008
AITHERAS,Junior Data Scientist,"Arlington, VA",2027-AI-College-Jobs,Other,"$100,000 - $120,000",74d,http://aitherasllc.applytojob.com/apply/zgeXJrIL38/Junior-Data-Scientist
Bevi,Supply Chain Data Analyst,"Boston, MA",2027-AI-College-Jobs,Other,"$76,585 - $94,605   USD",75d,https://job-boards.greenhouse.io/bevicareers/jobs/4255221009
Apex Fintech Solutions,Data Analyst,"Chicago, IL",2027-AI-College-Jobs,Other,"$75,200 - $94,000",76d,https://peak6group.wd1.myworkdayjobs.com/en-US/apexfintechsolutions/job/Chicago-IL/Data-Analyst_JR104794
CharterUP,Data Analyst,"Atlanta, GA",2027-AI-College-Jobs,Other,"$70,000 - $75,000",77d,https://job-boards.greenhouse.io/charterup/jobs/5225364008
Home Depot,Online Data Engineer Manager,"Atlanta, GA",2027-AI-College-Jobs,Other,,77d,https://homedepot.wd5.myworkdayjobs.com/en-US/careerdepot/job/STORE-SUPPORT-CENTER-ATLANTA---9090/Online-Data-Engineer-Manager_Req174407
Arootah,Quantitative Researcher - Portfolio Management,"Boston, MA +1",2027-AI-College-Jobs,Other,"$100,000 - $130,000",88d,https://jobs.lever.co/arootah/b754b2ba-52fd-4791-a6c4-54a926c25713
Pathward,Artificial Intelligence Analyst - I,Remote - USA,2027-AI-College-Jobs,Other,"$60,000 – $100,500",88d,https://job-boards.greenhouse.io/pathward/jobs/5992061004
Maigrate,Junior AI Engineer,"Lawrence, NY",2027-AI-College-Jobs,Other,"$85,000 - $110,000",89d,https://jobs.ashbyhq.com/maigrate/8bfd51bb-0cef-4fc3-9b9d-5d30bce8d813
Manifold Industries,Applied A.I. / ML Engineer,"San Francisco, CA +1",2027-AI-College-Jobs,Other,"$250,000 - $300,000",89d,https://jobs.ashbyhq.com/manifold-industries/d0e9ca82-d21e-42bb-ab5e-9175484c9587
Hyve Solutions,Business Intelligence Data Analyst,"Fremont, CA",2027-AI-College-Jobs,Other,,91d,https://synnex.wd5.myworkdayjobs.com/en-US/hyvecareers/job/Fremont-CA/Business-Intelligence-Data-Analyst_R49569
Mercor,Enterprise AI Associate,"San Francisco, CA +1",2027-AI-College-Jobs,Other,"$110,000 - $150,000",91d,https://jobs.ashbyhq.com/mercor/50a58426-2e97-43a5-99b1-d0d9cdc88100
CRC Group,Project Analyst - AI & Data Transformation,"Charlotte, NC",2027-AI-College-Jobs,Other,,92d,https://tihinsurance.wd1.myworkdayjobs.com/en-US/crc_careers/job/Charlotte-NC---600-S-Tryon-St/Project-Analyst---AI---Data-Transformation_R0000002575
Core Specialty,Actuarial Data Analyst,"Chicago, IL +1",2027-AI-College-Jobs,Other,"$70,000 - $75,000",96d,https://corespecialtyinsurance.wd1.myworkdayjobs.com/en-US/core_specialty/job/Chicago-IL/Actuarial-Data-Analyst_JR101393
EliseAI,Junior Research Scientist,"San Francisco, CA",2027-AI-College-Jobs,Other,"$150,000 - $230,000",96d,https://jobs.ashbyhq.com/eliseai/0fb4a3ab-1472-4180-8f0c-9f898260f3bd
Scout Clean Energy,Quantitative Renewable Energy Trader,"Boulder, CO",2027-AI-College-Jobs,Other,"$85,000 – $110,000",96d,https://apply.workable.com/scout-clean-energy/j/8264F7C130/
Anika Systems,AI Engineer,"Leesburg, VA",2027-AI-College-Jobs,Other,,98d,http://anikasystems.applytojob.com/apply/vQZOpYzJri/AI-Engineer
DV Trading,Quantitative Trader - Multi-Asset - New York,"Chicago, IL +2",2027-AI-College-Jobs,Other,"$100,000 - $200,000   USD",99d,https://job-boards.greenhouse.io/dvtrading/jobs/4687460005
DV Trading,Quantitative Trader - Multi-Asset - London,"Chicago, IL +2",2027-AI-College-Jobs,Other,,99d,https://job-boards.greenhouse.io/dvtrading/jobs/4687461005
DV Trading,Quantitative Trader - Multi-Asset - Chicago,"Chicago, IL +2",2027-AI-College-Jobs,Other,"$100,000 - $200,000   USD",99d,https://job-boards.greenhouse.io/dvtrading/jobs/4687386005
Lila Sciences,ML Scientist I / II - Foundation Models for Life Sciences,"San Francisco, CA",2027-AI-College-Jobs,Other,"$176,000 - $304,000   USD",99d,https://job-boards.greenhouse.io/lilasciences/jobs/4222051009
Wilson Elser,Data Analyst,"New York City, NY",2027-AI-College-Jobs,Other,"$80,000  -  $90,000",102d,https://job-boards.greenhouse.io/wilsonelser/jobs/5200826008
Wilson Elser,Data Analyst,"Chicago, IL",2027-AI-College-Jobs,Other,"$80,000  -  $90,000",102d,https://job-boards.greenhouse.io/wilsonelser/jobs/5200828008
Wilson Elser,Data Analyst,"White Plains, NY",2027-AI-College-Jobs,Other,"$80,000  -  $90,000",102d,https://job-boards.greenhouse.io/wilsonelser/jobs/5200825008
General Motors,ML Validation Engineer - Early Career,"Sunnyvale, CA",2027-AI-College-Jobs,Other,,105d,https://generalmotors.wd5.myworkdayjobs.com/en-US/careers_gm/job/Sunnyvale-California-United-States-of-America/ML-Validation-Research-Engineer---Early-Career_JR-202605769
Morgan Stanley,MSIM- Emerging Markets- Quantitative Portfolio Analyst,"Boston, MA",2027-AI-College-Jobs,Other,"$90,000 (Est.)",105d,https://ms.wd5.myworkdayjobs.com/en-US/external/job/Boston-Massachusetts-United-States-of-America/MSIM--Emerging-Markets--Quantitative-Portfolio-Analyst_JR034714
Outreach,Applied Scientist - Sync,"Seattle, WA",2027-AI-College-Jobs,Other,"$130,000 - $160,000",106d,https://jobs.lever.co/outreach/aa98974b-096f-403c-8d38-ba08961f0fd2
SentiLink,Data Scientist - New Grad,USA,2027-AI-College-Jobs,Other,"$120,000 (Est.)",106d,https://jobs.ashbyhq.com/sentilink/3cb2885e-7a58-4a14-94d5-b7b851053408
RZR Global,Machine Learning Engineer,"San Francisco, CA",2027-AI-College-Jobs,Other,,107d,https://job-boards.greenhouse.io/rzr/jobs/4217715009
Jobs for Humanity,Data Analyst,"Cincinnati, OH",2027-AI-College-Jobs,Other,,108d,https://jobs.smartrecruiters.com/JobsForHumanity/744000121584977-data-analyst?oga=true
Ekimetrics,Business Scientist - Data Science and Marketing Effectiveness,"New York City, NY",2027-AI-College-Jobs,Other,"$85,000 – $93,333",109d,https://jobs.lever.co/ekimetrics/261ac47d-76be-4615-98d9-67e676e219af
Encord,Commercial Associate - Physical AI,"San Francisco, CA +2",2027-AI-College-Jobs,Other,,109d,https://jobs.ashbyhq.com/encord/fa922dac-6219-4379-be99-29c8ea59b813
Foxconn Industrial Internet - FII,Data Analyst,"Houston, TX",2027-AI-College-Jobs,Other,,111d,http://foxconnassemblyllc.applytojob.com/apply/Lt6pOemhLL/Data-Analyst
Teledyne,Research Scientist,"Durham, NC",2027-AI-College-Jobs,Other,,111d,https://flir.wd1.myworkdayjobs.com/en-US/flircareers/job/US---Durham-NC-TDY/Research-Scientist---Neuroscience_C20388-1
Hebbia AI,Forward Deployed Banker - AI Strategist,"New York City, NY",2027-AI-College-Jobs,Other,"$90,000 - $160,000",118d,https://jobs.ashbyhq.com/hebbia-ai/a1d492a2-efba-4c4f-a243-e98b0ce2a967
Hebbia AI,Forward Deployed Investor - AI Strategist,"New York City, NY",2027-AI-College-Jobs,Other,"$90,000 - $160,000",118d,https://jobs.ashbyhq.com/hebbia-ai/0c33fe83-efa3-40bf-8a37-5183197d1b81
Torc Robotics,Software Engineer 1 - Metrics for Release,"Blacksburg, VAAnn Arbor, MIFort Worth, TX",SimplifyJobs-Software Engineering New Grad Roles,Software Engineering,"$114,400 - $137,300   USD",0d,https://job-boards.greenhouse.io/torcrobotics/jobs/8676173002?utm_source=Simplify&ref=Simplify
RTX,Software Engineer 1,"Fullerton, CA",SimplifyJobs-Software Engineering New Grad Roles,Software Engineering,"$62,900 USD - 119,700 USD",1d,https://globalhr.wd5.myworkdayjobs.com/rec_rtx_ext_gateway/job/US-CA-FULLERTON-676--1801-Hughes-Dr--BLDG-676/Software-Engineer-I--Onsite-_01864064?utm_source=Simplify&ref=Simplify
Nooks,Software Engineer New Grad,SF,SimplifyJobs-Software Engineering New Grad Roles,Software Engineering,"$155,000 - $170,000",6d,https://jobs.ashbyhq.com/nooks/311d6e70-5cfa-4e80-89f6-fe00ac1f9f53/application?embed=true&utm_source=Simplify&ref=Simplify
Textron,Software Engineer 1 - Sea Systems,"Sparks, MD",SimplifyJobs-Software Engineering New Grad Roles,Software Engineering,,9d,https://textron.taleo.net/careersection/textron/jobdetail.ftl?job=341975&utm_source=Simplify&ref=Simplify
RTX,Java Software Engineer 1,"State College, PA",SimplifyJobs-Software Engineering New Grad Roles,Software Engineering,"$57,200 USD - 108,800 USD",9d,https://globalhr.wd5.myworkdayjobs.com/fr-CA/Private_Posting_No_TMP/job/US-PA-STATE-COLLEGE-5A--302-Science-Park-Rd--BLDG-5A/Java-Software-Engineer-I--On-Site-_01860806?utm_source=Simplify&ref=Simplify
Motorola,Junior Software Engineer - AI Agent Platform,"Alberta, CanadaRemote in Canada",SimplifyJobs-Software Engineering New Grad Roles,Software Engineering,,28d,https://motorolasolutions.wd5.myworkdayjobs.com/Careers/job/Ontario-Remote-Work/Junior-Software-Engineer--AI-Agent-Platform_R66146?utm_source=Simplify&ref=Simplify
CACI,Junior Software Engineer,"4 locations Springfield, VASt. Louis, MODenver, CODulles, VA",SimplifyJobs-Software Engineering New Grad Roles,Software Engineering,"$69,100-$141,500",1mo,https://caci.wd1.myworkdayjobs.com/external/job/Denver-CO-US/Junior-Software-Engineer_327867?utm_source=Simplify&ref=Simplify
Palantir,Software Engineer New Grad - Defense,NYC,SimplifyJobs-Software Engineering New Grad Roles,Software Engineering,,1mo,https://jobs.lever.co/palantir/0a838e66-1ab0-4fc4-b4d3-4671c0352278/apply?utm_source=Simplify&ref=Simplify
Palantir,Software Engineer New Grad - Defense,"Palo Alto, CA",SimplifyJobs-Software Engineering New Grad Roles,Software Engineering,,1mo,https://jobs.lever.co/palantir/f362d7aa-360d-4059-ab38-f482742693b3/apply?utm_source=Simplify&ref=Simplify
Palantir,Forward Deployed Software Engineer New Grad - Commercial,NYC,SimplifyJobs-Software Engineering New Grad Roles,Software Engineering,,1mo,https://jobs.lever.co/palantir/2e6b0ac8-83e9-4be5-a3aa-cf319f751728/apply?utm_source=Simplify&ref=Simplify
Palantir,Software Engineer New Grad,"Denver, CO",SimplifyJobs-Software Engineering New Grad Roles,Software Engineering,,1mo,https://jobs.lever.co/palantir/c34b424e-caf2-455a-b104-ae1096ccca29/apply?utm_source=Simplify&ref=Simplify
Texas Sports Academy,Junior Software Engineer - AI-Forward,"Austin, TX",SimplifyJobs-Software Engineering New Grad Roles,Software Engineering,,1mo,https://apply.workable.com/texas-sports-academy-main/j/7CA2AC17A5/apply?utm_source=Simplify&ref=Simplify
Palantir,Forward Deployed Software Engineer New Grad,NYC,SimplifyJobs-Software Engineering New Grad Roles,Software Engineering,,1mo,https://jobs.lever.co/palantir/d1ac83d0-e923-42a5-8e6d-58dd0cab25ca/apply?utm_source=Simplify&ref=Simplify
General Dynamics Mission Systems,Entry Level Software Engineer,"Brooklyn, OH",SimplifyJobs-Software Engineering New Grad Roles,Software Engineering,"$74,050.40 (Est.)",2mo,https://careers-gdms.icims.com/jobs/72592/job?mobile=true&needsRedirect=false&utm_source=Simplify&ref=Simplify
General Dynamics Mission Systems,Entry Level Infrastructure Software Engineer,"Pittsfield, MA",SimplifyJobs-Software Engineering New Grad Roles,Software Engineering,"$77,843.00 (Est.)",2mo,https://careers-gdms.icims.com/jobs/72580/job?mobile=true&needsRedirect=false&utm_source=Simplify&ref=Simplify
Mechanize,Junior Software Engineer,SF,SimplifyJobs-Software Engineering New Grad Roles,Software Engineering,"$300,000 - $400,000",3mo,https://www.mechanize.work/apply/software-engineer/?role=junior&utm_source=Simplify&ref=Simplify
Wonderschool,Early Career Software Engineer - Applied AI,SF,SimplifyJobs-Software Engineering New Grad Roles,Software Engineering,$100K–$120K,3mo,https://job-boards.greenhouse.io/wonderschool/jobs/6359139003?utm_source=Simplify&ref=Simplify
Anduril,Early Career Software Engineer,"Newport Beach, CA",SimplifyJobs-Software Engineering New Grad Roles,Software Engineering,"$115,000 - $135,000   USD",3mo,https://boards.greenhouse.io/andurilindustries/jobs/4802146007?utm_source=Simplify&ref=Simplify
KBR,Junior Software Engineer,"Beavercreek, OH",SimplifyJobs-Software Engineering New Grad Roles,Software Engineering,"$80,000 - $100,000",3mo,https://kbr.wd5.myworkdayjobs.com/KBR_Careers/job/Beavercreek-Ohio/Junior-Software-Engineer_R2122294?utm_source=Simplify&ref=Simplify
Rokt,Junior Software Engineer,NYC,SimplifyJobs-Software Engineering New Grad Roles,Software Engineering,"$90,000 - $170,000,",3mo,https://apply.workable.com/rokt/j/783A754DDB/apply?utm_source=Simplify&ref=Simplify
Intuit,Software Engineer 1,"4 locations NYCMountain View, CAAtlanta, GASan Diego, CA",SimplifyJobs-Software Engineering New Grad Roles,Software Engineering,$55.5 - $75,3mo,https://jobs.intuit.com/job/mountain-view/software-engineer-1/27595/87369448720?utm_source=Simplify&ref=Simplify
Realm,Software Engineer - New Grad 🇺🇸,Remote in US,SimplifyJobs-Software Engineering New Grad Roles,Software Engineering,"$100,000 - $135,000",3mo,https://jobs.ashbyhq.com/realmalliance/56d8b433-31ad-43a2-997e-b8538f5f2c9f?utm_source=Simplify&ref=Simplify
Berkshire Hathaway Energy,Software Engineer 1 - Automation,"6 locations Salt Lake City, UTLas Vegas, NVDes Moines, IARichmond, VAReno, NVPortland, OR",SimplifyJobs-Software Engineering New Grad Roles,Software Engineering,,3mo,https://fa-essf-saasfaprod1.fa.ocs.oraclecloud.com/hcmUI/CandidateExperience/en/sites/CX_1/job/10004755?utm_source=Simplify&ref=Simplify
RTX,Software Engineer 1 - Test Solutions,"Tucson, AZ",SimplifyJobs-Software Engineering New Grad Roles,Software Engineering,"$57,200 USD - 108,800 USD",3mo,https://globalhr.wd5.myworkdayjobs.com/rec_rtx_ext_gateway/job/US-AZ-TUCSON-801--1151-E-Hermans-Rd--BLDG-801-External-Site/Software-Engineer-I----Test-Solutions---Onsite_01836492?utm_source=Simplify&ref=Simplify
GM financial,Software Development Engineer 1 - React,"Irving, TX",SimplifyJobs-Software Engineering New Grad Roles,Software Engineering,,4mo,https://fa-exvu-saasfaprod1.fa.ocs.oraclecloud.com/hcmUI/CandidateExperience/en/sites/CX_1/job/1901?utm_source=Simplify&ref=Simplify
Realm,Software Engineer New Grad,Remote in USA,SimplifyJobs-Software Engineering New Grad Roles,Software Engineering,"$100,000 - $135,000",4mo,https://jobs.ashbyhq.com/realmalliance/56d8b433-31ad-43a2-997e-b8538f5f2c9f/application?embed=true&utm_source=Simplify&ref=Simplify
FlexAI,Software Engineer – New Grad,"San Jose, CA",SimplifyJobs-Software Engineering New Grad Roles,Software Engineering,"$100,000 - 150,000 USD",4mo,https://ats.rippling.com/flexai/jobs/93ada67c-8527-427c-b2f6-4a5557b00674?utm_source=Simplify&ref=Simplify
PlayStation,Software Engineer 1,LA,SimplifyJobs-Software Engineering New Grad Roles,Software Engineering,"$125,800  -  $188,800",4mo,https://job-boards.greenhouse.io/sonyinteractiveentertainmentglobal/jobs/5840958004?utm_source=Simplify&ref=Simplify
Ellipsis Labs,Software Engineer – New Grads - Multiple Teams,NYC,SimplifyJobs-Software Engineering New Grad Roles,Software Engineering,"$150,000 - $200,000",4mo,https://jobs.ashbyhq.com/ellipsislabs/256c2ec2-01c8-4ff6-9ad0-b926fe40472d/application?utm_source=Simplify&ref=Simplify
Twitch,Software Engineer 1 - Commerce Engineering,"Seattle, WASF",SimplifyJobs-Software Engineering New Grad Roles,Software Engineering,"$110,500  -  $160,000",4mo,https://job-boards.greenhouse.io/twitch/jobs/8459320002?utm_source=Simplify&ref=Simplify
Twitch,Software Engineer 1 - Commerce Engineering,"Seattle, WASF",SimplifyJobs-Software Engineering New Grad Roles,Software Engineering,"$110,500  -  $160,000",4mo,https://job-boards.greenhouse.io/twitch/jobs/8457711002?utm_source=Simplify&ref=Simplify
GM financial,Software Development Engineer 1,"Arlington, TXIrving, TX",SimplifyJobs-Software Engineering New Grad Roles,Software Engineering,,4mo,https://fa-exvu-saasfaprod1.fa.ocs.oraclecloud.com/hcmUI/CandidateExperience/en/sites/CX_1/job/1991?utm_source=Simplify&ref=Simplify
N1,New Grad Software Engineer - Backend Rust,4 locations SFRemote in USAEuropeNYC,SimplifyJobs-Software Engineering New Grad Roles,Software Engineering,$120k - $260k,4mo,https://jobs.ashbyhq.com/n1/a3e25c84-0846-454a-b2fc-a356c2a713bd/application?utm_source=Simplify&ref=Simplify
Wyetech,Software Engineer 1,"Halethorpe, MD",SimplifyJobs-Software Engineering New Grad Roles,Software Engineering,,4mo,https://jobs.lever.co/wyetechllc/63a3c4e8-35a8-45b7-8e93-b5bef6894fa7/apply?utm_source=Simplify&ref=Simplify
PathAI,Software Engineer 1 - Fullstack,"Boston, MA",SimplifyJobs-Software Engineering New Grad Roles,Software Engineering,,4mo,https://www.pathai.com/careers/8466724002?gh_jid=8466724002&utm_source=Simplify&ref=Simplify
Titan,New Grad Product Engineer,SF,SimplifyJobs-Software Engineering New Grad Roles,Software Engineering,,5mo,https://jobs.ashbyhq.com/titan-msp/6ba1f660-6436-42f6-aaab-80ca931e8339/application?utm_source=Simplify&ref=Simplify
General Motors,Software Engineer – Early Career - Autonomous Vehicles Software Systems 🎓,"Sunnyvale, CAWarren, MI",SimplifyJobs-Software Engineering New Grad Roles,Software Engineering,"$ 99,400 - $153,900",5mo,https://generalmotors.wd5.myworkdayjobs.com/Careers_GM/job/Sunnyvale-California-United-States-of-America/Software-Engineer--Autonomous-Vehicles-Software-Systems---Early-Career_JR-202604759?utm_source=Simplify&ref=Simplify
Uare.ai,Software Engineer – Early Career,"Mountain View, CA",SimplifyJobs-Software Engineering New Grad Roles,Software Engineering,"$100,000 - $150,000   USD",5mo,https://job-boards.greenhouse.io/uareai/jobs/4036519009?utm_source=Simplify&ref=Simplify
Peraton,Cloud Software Engineer 1,"Odenton, MD",SimplifyJobs-Software Engineering New Grad Roles,Software Engineering,"$112,000 - $179,000",5mo,https://careers-peraton.icims.com/jobs/164003/job?mobile=true&needsRedirect=false&utm_source=Simplify&ref=Simplify
North Star Staffing Solutions,Software Engineer 1,"Cleveland, OH",SimplifyJobs-Software Engineering New Grad Roles,Software Engineering,,5mo,https://jobs.smartrecruiters.com/NorthStarStaffingSolutions1/81064849?utm_source=Simplify&ref=Simplify
Giga AI,Software Engineer 1 / 2 - New York,NYC,SimplifyJobs-Software Engineering New Grad Roles,Software Engineering,"$160,000 - $250,000",5mo,https://jobs.ashbyhq.com/gigaml/ba9b543d-e85c-4bd1-978b-f838d7a4062f/application?utm_source=Simplify&ref=Simplify
NOV,Product Engineer 1,"Houston, TX",SimplifyJobs-Software Engineering New Grad Roles,Software Engineering,,5mo,https://egay.fa.us6.oraclecloud.com/hcmUI/CandidateExperience/en/sites/CX_4001/job/39682?utm_source=Simplify&ref=Simplify
Perpay,Software Engineer – New Grad,"Philadelphia, PA",SimplifyJobs-Software Engineering New Grad Roles,Software Engineering,,6mo,https://job-boards.greenhouse.io/perpay/jobs/4034578007?utm_source=Simplify&ref=Simplify
General Dynamics Information Technology,Junior Software Developer - Active TS/SCI with Poly Required,"Annapolis Junction, MD",SimplifyJobs-Software Engineering New Grad Roles,Software Engineering,"$85,000 - $115,000",6mo,https://gdit.wd5.myworkdayjobs.com/external_career_site/job/USA-MD-Annapolis-Junction/Junior-Software-Developer--Active-TS-SCI-with-Poly-Required-_RQ212931?utm_source=Simplify&ref=Simplify
D3,Frontend Engineer – New Grad,LA,SimplifyJobs-Software Engineering New Grad Roles,Software Engineering,,7mo,https://job-boards.greenhouse.io/d3/jobs/4915213008?utm_source=Simplify&ref=Simplify
D3,Backend Engineer – New Grad,LA,SimplifyJobs-Software Engineering New Grad Roles,Software Engineering,,7mo,https://job-boards.greenhouse.io/d3/jobs/4915295008?utm_source=Simplify&ref=Simplify
RBI,Data Engineer 1,"Miami, FL","SimplifyJobs-Data Science, AI & Machine Learning New Grad Roles",Data Science/AI/ML,,0d,https://rbi.wd3.myworkdayjobs.com/RBI_External_Career_Site/job/Corp---Miami-Corporate-Office/Data-Engineer-I--Burger-King_R3622?utm_source=Simplify&ref=Simplify
Elanco,Machine Learning &amp; Computer Vision Scientist - R&amp;D - Junior/Associate 🎓,"Indianapolis, IN","SimplifyJobs-Data Science, AI & Machine Learning New Grad Roles",Data Science/AI/ML,,0d,https://elanco.wd5.myworkdayjobs.com/en-US/External_Career/job/Indianapolis-IN/Machine-Learning---Computer-Vision-Scientist---R-D--Junior-Associate-_R0026698?utm_source=Simplify&ref=Simplify
Waystar,Junior Data Engineer,"Atlanta, GA","SimplifyJobs-Data Science, AI & Machine Learning New Grad Roles",Data Science/AI/ML,,2d,https://waystar.wd1.myworkdayjobs.com/Waystar/job/Atlanta-GA/Data-Engineer_R3322?utm_source=Simplify&ref=Simplify
University of Pennsylvania,Neuroimaging Data Analyst Junior,"Philadelphia, PA","SimplifyJobs-Data Science, AI & Machine Learning New Grad Roles",Data Science/AI/ML,$26.66 - $33.00,1mo,https://upenn.wd1.myworkdayjobs.com/careers-at-penn/job/Med-Sch-Richards-Building---5th-Floor/Neuroimaging-Data-Analyst-Junior_JR00121050-1?utm_source=Simplify&ref=Simplify
Bluehawk,Exploitation Specialist - Data Scientist - Junior,"Springfield, VA","SimplifyJobs-Data Science, AI & Machine Learning New Grad Roles",Data Science/AI/ML,,1mo,https://careers-bluehawk.icims.com/jobs/2822/job?mobile=true&needsRedirect=false&utm_source=Simplify&ref=Simplify
NVIDIA,Research Scientist New Grad - Efficient Deep Learning 🎓,"Santa Clara, CA","SimplifyJobs-Data Science, AI & Machine Learning New Grad Roles",Data Science/AI/ML,"$168,000 USD - $264,500 USD",1mo,https://nvidia.wd5.myworkdayjobs.com/NVIDIAExternalCareerSite/job/US-CA-Santa-Clara/Research-Scientist--Efficient-Deep-Learning---New-College-Grad-2026_JR2019729-1?utm_source=Simplify&ref=Simplify
VITAS Healthcare,Junior Strategy &amp; Innovation Analyst,"Miami, FL","SimplifyJobs-Data Science, AI & Machine Learning New Grad Roles",Data Science/AI/ML,,2mo,https://ejrz.fa.us2.oraclecloud.com/hcmUI/CandidateExperience/en/sites/CX_5001/job/44324?utm_source=Simplify&ref=Simplify
Apogee Engineering,Junior Intelligence Program Analyst,"Wright-Patterson AFB, OH","SimplifyJobs-Data Science, AI & Machine Learning New Grad Roles",Data Science/AI/ML,,2mo,https://careers-apogeeusa.icims.com/jobs/1432/job?mobile=true&needsRedirect=false&utm_source=Simplify&ref=Simplify
Apogee Engineering,Junior Technical Intelligence Analyst,"Wright-Patterson AFB, OH","SimplifyJobs-Data Science, AI & Machine Learning New Grad Roles",Data Science/AI/ML,,2mo,https://careers-apogeeusa.icims.com/jobs/1442/job?mobile=true&needsRedirect=false&utm_source=Simplify&ref=Simplify
Allen Control Systems,Junior Computer Vision &amp; Machine Learning Engineer,"Austin, TX","SimplifyJobs-Data Science, AI & Machine Learning New Grad Roles",Data Science/AI/ML,"$94,000 - $154,000",2mo,https://jobs.ashbyhq.com/allen-control-systems/cfb348d0-ab31-4fa5-9bd5-def1de764ca9/application?embed=true&utm_source=Simplify&ref=Simplify
Figma,"Data Scientist, Core Data 🎓","New York, NYSan Francisco, CA","SimplifyJobs-Data Science, AI & Machine Learning New Grad Roles",Data Science/AI/ML,"$170,000  -  $178,000",3mo,https://job-boards.greenhouse.io/figma/jobs/5976930004?gh_jid=5976930004&utm_source=Simplify&ref=Simplify
NVIDIA,Deep Learning Software Engineer – New College Grad - TensorRT Performance,"Santa Clara, CA","SimplifyJobs-Data Science, AI & Machine Learning New Grad Roles",Data Science/AI/ML,"$124,000 USD - $195,500 USD",4mo,https://nvidia.wd5.myworkdayjobs.com/NVIDIAExternalCareerSite/job/US-CA-Santa-Clara/Deep-Learning-Software-Engineer--TensorRT-Performance---New-College-Grad-2026_JR2015071?utm_source=Simplify&ref=Simplify
GlobalFoundries,Global Tapeout and Mask Operations New College Graduate - Biz App and Data Engineer,"Austin, TX","SimplifyJobs-Data Science, AI & Machine Learning New Grad Roles",Data Science/AI/ML,"$54,200.00 - $110,300.00",4mo,https://globalfoundries.wd1.myworkdayjobs.com/External/job/USA---Texas---Austin/Global-Tapeout-and-Mask-Operations--Biz-App-and-Data-Engineer--2026-New-College-Graduate-_JR-2502471-1?utm_source=Simplify&ref=Simplify
Software Quality Experts,Entry Level Business Analyst / Data Analyst,"Dulles, VA","SimplifyJobs-Data Science, AI & Machine Learning New Grad Roles",Data Science/AI/ML,,5mo,https://jobs.smartrecruiters.com/SQexpetsLLC/743999653805861?utm_source=Simplify&ref=Simplify
Insilico Logix,Business Analyst / Data Analyst Entry Level,"Reston, VA","SimplifyJobs-Data Science, AI & Machine Learning New Grad Roles",Data Science/AI/ML,,5mo,https://jobs.smartrecruiters.com/InsilicoLogix/743999653809331?utm_source=Simplify&ref=Simplify
Parallel Web Systems,Early Career Research Engineer,"Palo Alto, CA","SimplifyJobs-Data Science, AI & Machine Learning New Grad Roles",Data Science/AI/ML,"$150,000 - $300,000",6mo,https://jobs.ashbyhq.com/parallel/056e41f8-7d5f-41c1-99fd-bf002dc072fd/application?utm_source=Simplify&ref=Simplify
NVIDIA,Applied Machine Learning Engineer – New College Grad 2026 - Circuit Design 🎓,"Santa Clara, CA","SimplifyJobs-Data Science, AI & Machine Learning New Grad Roles",Data Science/AI/ML,"$116,000 USD - $189,750 USD",6mo,https://nvidia.wd5.myworkdayjobs.com/NVIDIAExternalCareerSite/job/US-CA-Santa-Clara/Applied-Machine-Learning-Engineer--Circuit-Design---New-College-Grad-2026_JR2011517?utm_source=Simplify&ref=Simplify
Amazon,Front-End Engineer II - Leo Network Observability - L5,"Redmond, WA",2027-SWE-College-Jobs,FAANG,$186k/yr,5d,https://www.amazon.jobs/jobs/10492184/apply
Snap,Software Engineer - Backend - Level 4,"Los Angeles, CA +3",2027-SWE-College-Jobs,FAANG,$195k/yr,9d,https://snapchat.wd1.myworkdayjobs.com/en-US/snap/job/Los-Angeles-California/Software-Engineer--Backend--Level-4_Q326SWEB2-2
TikTok,Backend Software Engineer Graduate - Machine Moderation Platform - 2027 Start,"Seattle, WA",2027-SWE-College-Jobs,FAANG,$200k/yr,20d,https://lifeattiktok.com/search/7663036950303050037
TikTok,Backend Software Engineer Graduate - Business Governace - 2027 Start,"San Jose, CA",2027-SWE-College-Jobs,FAANG,$200k/yr,20d,https://lifeattiktok.com/search/7663042453461600517
TikTok,Backend Software Engineer Graduate - Risk & Response - 2027 Start,"Seattle, WA",2027-SWE-College-Jobs,FAANG,$200k/yr,20d,https://lifeattiktok.com/search/7663032057264244997
Snap,Software Engineer - iOS - Level 4,"Los Angeles, CA +3",2027-SWE-College-Jobs,FAANG,$195k/yr,34d,https://snapchat.wd1.myworkdayjobs.com/en-US/snap/job/Los-Angeles-California/Software-Engineer--iOS--Level-4_Q326SWEI2-1
Snap,Software Engineer - Full Stack - Level 4,"Los Angeles, CA +3",2027-SWE-College-Jobs,FAANG,$195k/yr,34d,https://snapchat.wd1.myworkdayjobs.com/en-US/snap/job/Los-Angeles-California/Software-Engineer--Full-Stack--Level-4_Q326SWEFS2-1
Amazon,Front-End Engineer II - AWS SSO,"Arlington, VA",2027-SWE-College-Jobs,FAANG,$186k/yr,53d,https://www.amazon.jobs/jobs/10448815/apply
Amazon,Frontend Engineer - AI Business Automation - Prime Video,"Seattle, WA",2027-SWE-College-Jobs,FAANG,$186k/yr,53d,https://www.amazon.jobs/jobs/10453265/apply
Amazon,Front End Engineer II - Life Sciences Applied AI,"Seattle, WA",2027-SWE-College-Jobs,FAANG,$186k/yr,62d,https://www.amazon.jobs/jobs/10442923/apply
Google,ASIC Design Verification Engineer - Google Cloud,"Sunnyvale, CA",2027-SWE-College-Jobs,FAANG,$196k/yr,68d,https://www.google.com/about/careers/applications/jobs/results/77174102632080070
NVIDIA,Software Engineer - TensorRT Specialized Platforms - New College Grad 2025,"Santa Clara, CA",2027-SWE-College-Jobs,FAANG,$172k/yr,68d,https://nvidia.wd5.myworkdayjobs.com/en-US/nvidiaexternalcareersite/job/US-CA-Santa-Clara/Software-Engineer--TensorRT-Specialized-Platforms---New-College-Grad-2025_JR2002870
Apple,Software Development Engineer in Test - Core I/O Transports Quality Engineering - Core OS,"Cupertino, CA",2027-SWE-College-Jobs,FAANG,$153k/yr,69d,https://jobs.apple.com/en-us/details/200665472-0836
Apple,Software Development Engineer in Test - Core I/O Transports Quality Engineering - Core OS,"Cupertino, CA",2027-SWE-College-Jobs,FAANG,$153k/yr,69d,https://jobs.apple.com/en-us/details/200665480-0836
Rivian,Software Integration Engineer - Vehicle Systems,"Palo Alto, CA",2027-SWE-College-Jobs,FAANG,$124k/yr,69d,https://jobs.ashbyhq.com/rivianvw.tech/2c209e52-8723-4c78-abf7-f0394f6537bc
Amazon,Jr. Software Development Engineer - San Luis Obispo - CA - Jr. Developer Program,"San Luis Obispo, CA",2027-SWE-College-Jobs,FAANG,$186k/yr,82d,https://www.amazon.jobs/jobs/10420146/apply
Amazon,Front-End Engineer II - Amazon Quick - Amazon Quick,"Seattle, WA",2027-SWE-College-Jobs,FAANG,$186k/yr,84d,https://www.amazon.jobs/jobs/10435056/apply
Amazon,Software Development Engineer - AWS Data Services - 2026 - US,"Seattle, WA",2027-SWE-College-Jobs,FAANG,$186k/yr,90d,https://www.amazon.jobs/jobs/10414316/apply
Amazon,Software Dev Engineer II - Prime Video Pesonalization & Discovery Growth Tech,"Seattle, WA",2027-SWE-College-Jobs,FAANG,$186k/yr,102d,https://www.amazon.jobs/jobs/10428623/apply
Amazon,Software Dev Engineer II - EC2 ML Provisioning,"Seattle, WA",2027-SWE-College-Jobs,FAANG,$186k/yr,106d,https://www.amazon.jobs/jobs/10418900/apply
Amazon,Software Engineer I - Ad Supply,"San Francisco, CA",2027-SWE-College-Jobs,FAANG,$186k/yr,106d,https://www.amazon.jobs/jobs/10403353/apply
Amazon,Software Engineer - Safety,"San Francisco, CA",2027-SWE-College-Jobs,FAANG,$186k/yr,113d,https://www.amazon.jobs/jobs/10390629/apply
TikTok,Software Engineer - AI Agent,"San Jose, CA",2027-SWE-College-Jobs,FAANG,$200k/yr,117d,https://lifeattiktok.com/search/7626968373985429765
Amazon,Software Dev Engineer - Command and Data Handling - CDH - Amazon LEO,"Redmond, WA",2027-SWE-College-Jobs,FAANG,$186k/yr,118d,https://www.amazon.jobs/jobs/10397120/apply
Arrowstreet Capital,Quantitative Developer,"Boston, MA",2027-SWE-College-Jobs,Finance,$208k/yr,110d,https://arrowstreetcapital.wd5.myworkdayjobs.com/en-US/arrowstreet/job/Boston/Quantitative-Developer_R1433-1
Syracuse Research Corporation,​Firmware Engineer,"Syracuse, NY",2027-SWE-College-Jobs,Other,$ - $,5d,https://jobs.jobvite.com/src-inc/job/owLzAfwa
Magna,Engineer II - Software Test,"Southfield, MI",2027-SWE-College-Jobs,Other,,6d,https://magna.wd3.myworkdayjobs.com/en-US/magna/job/Southfield-Michigan-US/Engineer-II---Software-Test_R00241284
Weekday,Software Engineering Expert,USA,2027-SWE-College-Jobs,Other,$60-$90 per hour,6d,https://apply.workable.com/weekday-1/j/89407CCB82/
BlueCross BlueShield of Tennessee,Mobile App Developer,"Remote - Chattanooga, TN",2027-SWE-College-Jobs,Other,,7d,https://bcbst.wd1.myworkdayjobs.com/en-US/external/job/USA-TN-Chattanooga-Remote/Software-Engineer_R-49437
Boeing,Software Systems Engineer - Associate or Experienced,"Colorado Springs, CO",2027-SWE-College-Jobs,Other,"$99,450 – $134,550",7d,https://boeing.wd1.myworkdayjobs.com/en-US/external_careers/job/USA---Colorado-Springs-CO/Software-Systems-Engineer--Associate-or-Experienced-_JR2026520215-1
FlexCompute,CFD Solver Developer,"Watertown, MA",2027-SWE-College-Jobs,Other,,7d,https://apply.workable.com/flexcompute/j/EF3D90A736/
Intel,System Software Engineer,"Phoenix, AZ",2027-SWE-College-Jobs,Other,"$123,135 - $156,740",7d,https://intel.wd1.myworkdayjobs.com/en-US/external/job/US-Arizona-Phoenix/System-Software-Engineer_JR0285035-1
KLA,Software Engineer II - Distributed / Scalable Systems,"Milpitas, CA",2027-SWE-College-Jobs,Other,"$136,300.00 - $231,700.00",7d,https://kla.wd1.myworkdayjobs.com/en-US/search/job/Milpitas-CA/Software-Engineer-II--Distributed---Scalable-Systems-_2636655-1
GDIT,Software Developer,USA,2027-SWE-College-Jobs,Other,"$93,500 - $126,500",8d,https://gdit.wd5.myworkdayjobs.com/en-US/external_career_site/job/USA-FL-MacDill-AFB/Software-Developer_RQ224582-1
Booz Allen,Power Platform Developer - Mid,"Arlington, VA +1",2027-SWE-College-Jobs,Other,"$62,000.00 to $141,000.00",12d,https://bah.wd1.myworkdayjobs.com/en-US/bah_jobs/job/Arlington-VA/Power-Platform-Developer--Mid_R0245301
FICS,Client Services Support - Commercial Mortgage Software,"Addison, TX",2027-SWE-College-Jobs,Other,,12d,https://apply.workable.com/fics-inc-1/j/E72CB31842/
HP,Embedded Firmware and Software Engineer,"Spring, TX",2027-SWE-College-Jobs,Other,"$65,600   to   $101,000",12d,https://hp.wd5.myworkdayjobs.com/en-US/exteu-ac-careersite/job/Spring-Texas-United-States-of-America/Embedded-Firmware-and-Software-Engineer_3161388
Northrop Grumman,Associate Embedded Software Engineer / Embedded Software Engineer,"Melbourne, FL",2027-SWE-College-Jobs,Other,"$65,800.00 - $98,800.00",12d,https://ngc.wd1.myworkdayjobs.com/en-US/northrop_grumman_external_site/job/United-States-Florida-Melbourne/Associate-Embedded-Software-Engineer---Embedded-Software-Engineer_R10241869
Hewlett Packard Enterprise,Software Engineer II - Test Engineer,"Sunnyvale, CA",2027-SWE-College-Jobs,Other,,13d,https://hpe.wd5.myworkdayjobs.com/en-US/jobsathpe/job/Sunnyvale-California-United-States-of-America/Software-Engineer---Support-Analyst-II_1208156-1
Hewlett Packard Enterprise,Software Engineer II - Test Engineer,"Sunnyvale, CA",2027-SWE-College-Jobs,Other,,13d,https://hpe.wd5.myworkdayjobs.com/en-US/acjobsite/job/Sunnyvale-California-United-States-of-America/Software-Engineer---Support-Analyst-II_1208156-3
T-Mobile,Engineers - Software,"Overland Park, KS",2027-SWE-College-Jobs,Other,"$112,371.77 -$136,200.00",13d,https://tmobile.wd1.myworkdayjobs.com/en-US/external/job/Overland-Park-Kansas/Engineers--Software_REQ365852
Penn State,Systems Administrator - Linux/Cloud,"Reston, VA",2027-SWE-College-Jobs,Other,"$62,304.00 - $102,900.00",14d,https://psu.wd1.myworkdayjobs.com/en-US/psu_staff/job/Reston-VA/Systems-Administrator--Linux-Cloud-_REQ_0000079324-2
KBR,Full Stack Software Engineer - Storage & Data Platform Focus,"Beavercreek, OH",2027-SWE-College-Jobs,Other,,15d,https://kbr.wd5.myworkdayjobs.com/en-US/kbr_careers/job/Beavercreek-Ohio/Full-Stack-Software-Engineer--Storage---Data-Platform-Focus-_R2126967
KBR,Full Stack Software Engineer - Golang Focus,"Beavercreek, OH",2027-SWE-College-Jobs,Other,,15d,https://kbr.wd5.myworkdayjobs.com/en-US/kbr_careers/job/Beavercreek-Ohio/Full-Stack-Software-Engineer--Golang-Focus-_R2126964
KLA,HPC Software Engineer,"Milpitas, CA",2027-SWE-College-Jobs,Other,"$136,300.00 - $231,700.00",15d,https://kla.wd1.myworkdayjobs.com/en-US/search/job/Milpitas-CA/HPC-Software-Engineer_2638794
Motorola Solutions,Software Engineer II,"Schaumburg, IL",2027-SWE-College-Jobs,Other,"$73,800  - $107,600",15d,https://motorolasolutions.wd5.myworkdayjobs.com/en-US/careers/job/Schaumburg-IL/Software-Engineer-II_R66729
KLA,Software Engineer,"Milpitas, CA",2027-SWE-College-Jobs,Other,"$114,800.00 - $195,200.00",16d,https://kla.wd1.myworkdayjobs.com/en-US/ur/job/Milpitas-CA/Software-Engineer_2637811
Northrop Grumman,Software Configuration Management Analyst - Level 2 or 3,"Boulder, CO",2027-SWE-College-Jobs,Other,"$83,400.00 - $125,200.00",16d,https://ngc.wd1.myworkdayjobs.com/en-US/northrop_grumman_external_site/job/United-States-Colorado-Boulder/Software-Configuration-Management-Analyst---Level-2-or-3_R10241281
KLA,High Performance Computing - HPC - Software Engineer,"Milpitas, CA",2027-SWE-College-Jobs,Other,"$94,600.00 - $160,800.00",19d,https://kla.wd1.myworkdayjobs.com/en-US/search/job/Milpitas-CA/High-Performance-Computing--HPC----Software-Engineer_2638954
MassMutual,Quantitative Developer,"New York City, NY",2027-SWE-College-Jobs,Other,"$86,200-$113,100",19d,https://massmutual.wd1.myworkdayjobs.com/en-US/mmcareers/job/New-York-NY/Quantitative-Developer_R20872
GDIT,UiPath Robotic Process Automation Developer Associate,USA,2027-SWE-College-Jobs,Other,"$59,500 - $80,500",20d,https://gdit.wd5.myworkdayjobs.com/en-US/external_career_site/job/USA-LA-Home-Office-LAHOME/UiPath-Robotic-Process-Automation-Developer-Associate_RQ223293-1
ITC Defense,Software Developer - .NET/C# - NAVSUP Programs,"Philadelphia, PA",2027-SWE-College-Jobs,Other,,20d,http://itcdefense.applytojob.com/apply/Zlhmseroea/Software-Developer-NETC-NAVSUP-Programs
Path Robotics,Software Engineer - C#,"Columbus, OH",2027-SWE-College-Jobs,Other,,20d,https://boards.greenhouse.io/pathrobotics/jobs/8635262002?gh_jid=8635262002
Path Robotics,Software Engineer - Frontend,"Columbus, OH",2027-SWE-College-Jobs,Other,,20d,https://boards.greenhouse.io/pathrobotics/jobs/8635244002?gh_jid=8635244002
Samsara,Software Engineer II,Remote - USA,2027-SWE-College-Jobs,Other,"$113,645 - $191,000 USD",20d,https://www.samsara.com/company/careers/roles/8036387?gh_jid=8036387
Ascend,Software Engineer,"San Francisco, CA",2027-SWE-College-Jobs,Other,"$140,000–$175,000",21d,https://job-boards.greenhouse.io/ascend21/jobs/5351565008
Dewberry,Junior Power Platform Developer,"Fairfax, VA",2027-SWE-College-Jobs,Other,"$62,000-$80,000",21d,https://careers-dewberry.icims.com/jobs/15975/junior-power-platform-developer/job
Raymond James,Associate Developer- Reams Asset Management,"Indianapolis, IN",2027-SWE-College-Jobs,Other,,21d,https://raymondjames.wd1.myworkdayjobs.com/en-US/raymondjamescareers/job/Indianapolis-Indiana---United-States/Associate-Developer--Reams-Asset-Management_R-0010485
Urban Science,Associate Software Engineer - ServiceView,"Detroit, MI",2027-SWE-College-Jobs,Other,,21d,https://careers-urbanscience.icims.com/jobs/5181/associate-software-engineer---serviceview/job
Accenture Federal Services,Jr. DevOps Engineer,"Annapolis Junction, MD",2027-SWE-College-Jobs,Other,"$90,000  -  $120,000",22d,https://boards.greenhouse.io/accenturefederalservices/jobs/4689020006?gh_jid=4689020006
Accenture Federal Services,Jr. Software Engineer,"Annapolis Junction, MD",2027-SWE-College-Jobs,Other,"$90,000  -  $120,000",22d,https://boards.greenhouse.io/accenturefederalservices/jobs/4689025006?gh_jid=4689025006
Amentum,C or C++ Junior Developer,"Dahlgren, VA",2027-SWE-College-Jobs,Other,"$85,000-$100,000",22d,https://pae.wd1.myworkdayjobs.com/en-US/amentum_careers/job/US-VA-Dahlgren/C-or-C---Junior-Developer_R0165501
CarGurus,Software Development Engineer II - Developer Experience Architecture,"Boston, MA",2027-SWE-College-Jobs,Other,"$112,000 (Est.)",22d,https://careers.cargurus.com/us/en/job/8050961?gh_jid=8050961
KBR,Associate DevOps Engineer,"Colorado Springs, CO",2027-SWE-College-Jobs,Other,"$76,700 - $115,000",22d,https://kbr.wd5.myworkdayjobs.com/en-US/kbr_careers/job/Colorado-Springs-Colorado/Associate-DevOps-Engineer_R2125617
Motorola Solutions,Web Interface Software Engineer,"Los Angeles, CA",2027-SWE-College-Jobs,Other,$43.27 - $57.00 / hour,22d,https://motorolasolutions.wd5.myworkdayjobs.com/en-US/careers/job/Los-Angeles-CA/Web-Interface-Software-Engineer_R66626
Clearwater Analytics,Quantitative Developer - Securitized Products,"New York City, NY",2027-SWE-College-Jobs,Other,"$156,400.00 - $210,841.00 USD",23d,https://clearwateranalytics.wd1.myworkdayjobs.com/en-US/clearwater_analytics_careers/job/Office---New-York/Quantitative-Developer---Securitized-Products_R7282-1
Morgan Stanley,Equity Research Analyst/Associate - Software,"New York City, NY",2027-SWE-College-Jobs,Other,"$110,000 (Est.)",23d,https://ms.wd5.myworkdayjobs.com/en-US/external/job/New-York-New-York-United-States-of-America/Equity-Research-Analyst-Associate---Software_JR040545-1
Morgan Stanley,Equity Research Analyst/Associate - Software,"New York City, NY",2027-SWE-College-Jobs,Other,"$110,000 (Est.)",23d,https://ms.wd5.myworkdayjobs.com/en-US/private/job/New-York-New-York-United-States-of-America/Equity-Research-Analyst-Associate---Software_JR040545
U-Haul,ETL Developer,"Phoenix, AZ",2027-SWE-College-Jobs,Other,,23d,https://uhaul.wd1.myworkdayjobs.com/en-US/uhauljobs/job/Phoenix-Arizona/ETL-Developer_R247910
Johnson Controls,Embedded Software Engineer II,"Westford, MA",2027-SWE-College-Jobs,Other,"$94,000 - $141,000",26d,https://jci.wd5.myworkdayjobs.com/en-US/jci/job/Westford-Massachusetts-United-States-of-America/Embedded-Software-Engineer-II_WD30273363-1
mthree,Python Developer,"New York City, NY",2027-SWE-College-Jobs,Other,,26d,https://mthree.com/careers/job/?gh_jid=4695901006
CACI,Cyber Software Engineer - Junior,"Florham Park, NJ",2027-SWE-College-Jobs,Other,"$79,400 - $162,700",27d,https://caci.wd1.myworkdayjobs.com/en-US/external/job/Florham-Park-NJ-US/Cyber-Software-Engineer--Junior_328835
Faros,Software Engineer - New Grad,"San Mateo, CA",2027-SWE-College-Jobs,Other,"$100,000 - $180,000",27d,https://jobs.ashbyhq.com/faros-ai/622e1f1e-4a39-4e7c-8526-1189ca588066
Helios WorldWide,Web Developer,"Santa Monica, CA",2027-SWE-College-Jobs,Other,,27d,http://heliosww.applytojob.com/apply/aAgTMpwaVD/Web-Developer
Klaviyo,Software Engineer II - Mobile Developer - Android/Kotlin - Mobile App Growth,"Boston, MA",2027-SWE-College-Jobs,Other,"$116,000 — $174,000",27d,https://www.klaviyo.com/careers/jobs/7792539003?gh_jid=7792539003
PTC,Software Licensing Specialist,"Boston, MA",2027-SWE-College-Jobs,Other,"$87,500 - $116,000",27d,https://ptc.wd1.myworkdayjobs.com/en-US/ptc/job/Boston-MA-USA/Software-Licensing-Specialist_JR112391
Relativity,Software Engineer,"Illinois, USA",2027-SWE-College-Jobs,Other,"$79,000 (Est.)",27d,https://kcura.wd1.myworkdayjobs.com/en-US/external_career_site/job/Illinois/Software-Engineer_26-0317
Sonar,Cloud Platform Engineer,"Austin, TX",2027-SWE-College-Jobs,Other,,27d,https://jobs.lever.co/sonarsource/2af7d7de-0c0d-4178-a538-8989e24f37c8
Thoughtworks,Associate-Graduate:Developer,"Chicago, IL",2027-SWE-College-Jobs,Other,"$83,000 - $88,000 USD",27d,https://www.thoughtworks.com/careers/jobs/8037730?gh_jid=8037730
Booz Allen,Cloud Cybersecurity Engineer,"Rome, NY",2027-SWE-College-Jobs,Other,"$61,900.00 to $141,000.00",28d,https://bah.wd1.myworkdayjobs.com/en-US/bah_jobs/job/Rome-NY/Cloud-Cybersecurity-Engineer_R0243956-1
IMA Financial Group,Business Intelligence Developer,"Wichita, KS",2027-SWE-College-Jobs,Other,,28d,https://imacorp.com/careers/openings/5181420007?gh_jid=5181420007
NRI North America,Jr. SQL Developer,"Middletown, NY",2027-SWE-College-Jobs,Other,"$60,000 - $70,000",28d,https://jobs.lever.co/corebts/2bad3680-2589-4ddd-b088-93897942309d
Parsons,Software Engineer - TS/SCI required,"Aberdeen, MD",2027-SWE-College-Jobs,Other,"$112,200.00 - $196,400.00",28d,https://parsons.wd5.myworkdayjobs.com/en-US/search/job/US---MD-Aberdeen/Software-Engineer---TS-SCI-required_R182628
Analog Devices,Associate Engineer: Embedded Audio Software,"San Jose, CA",2027-SWE-College-Jobs,Other,"$82,787 to $113,857",29d,https://analogdevices.wd1.myworkdayjobs.com/en-US/external/job/US-CA-San-Jose-Rio-Robles/Associate-Engineer--Embedded-Audio-Software_R263781
Belay Technologies,Front End Software Engineer,"Fort Meade, MD",2027-SWE-College-Jobs,Other,"$70,000 to $190,000",29d,http://belaytechnologies.applytojob.com/apply/AwvRH1d4o2/Front-End-Software-Engineer
GDIT,Software Developer TS/SCI w/Polygraph,"McLean, VA",2027-SWE-College-Jobs,Other,"$83,927 - $113,549",29d,https://gdit.wd5.myworkdayjobs.com/en-US/external_career_site/job/USA-VA-McLean/Software-Developer-TS-SCI-w-Polygraph_RQ207428
GDIT,Junior Software Developer - Active TS/SCI with Poly Required,USA,2027-SWE-College-Jobs,Other,"$85,000 - $115,000",29d,https://gdit.wd5.myworkdayjobs.com/en-US/external_career_site/job/USA-MD-Annapolis-Junction/Junior-Software-Developer--Active-TS-SCI-with-Poly-Required-_RQ212931
GDIT,Front End/Angular 2+/Full Stack Java Developer,"Hanover, MD",2027-SWE-College-Jobs,Other,"$111,155 - $150,385",29d,https://gdit.wd5.myworkdayjobs.com/en-US/external_career_site/job/USA-MD-Hanover/Front-End-Angular-2--Full-Stack-Java-Developer_RQ220540
HavocAI,Software Engineer - Business Analytics,"San Diego, CA +1",2027-SWE-College-Jobs,Other,"$100,000 - $125,000",29d,https://jobs.ashbyhq.com/havocai/06ef43f0-0d23-4062-a95c-aa9e913844e1
Ketch,Backend Software Engineer,"San Francisco, CA",2027-SWE-College-Jobs,Other,"$100,000 - $130,000",29d,https://jobs.lever.co/Ketch/043266ee-ec94-4ae0-be8a-bc4e01bb901e
Maania Consultancy Services,Associate DevOps Developer,"Seal Beach, CA",2027-SWE-College-Jobs,Other,,29d,http://maania.applytojob.com/apply/JyjM2QGqIL/Associate-DevOps-Developer
ReliaQuest,Associate Software Engineer,"Tampa, FL",2027-SWE-College-Jobs,Other,,29d,https://reliaquest.wd5.myworkdayjobs.com/en-US/reliaquest_careers/job/Tampa-FL/Associate-Software-Engineer_R15047
Vestmark,Associate Java Software Engineer,"Wakefield, MA",2027-SWE-College-Jobs,Other,,29d,https://job-boards.greenhouse.io/vestmark/jobs/8042636
Applied Systems,Associate Software Engineer / Software Engineer,"Chicago, IL +2",2027-SWE-College-Jobs,Other,"$60,000 - $125,000",30d,https://careers-appliedsystems.icims.com/jobs/7318/associate-software-engineer---software-engineer/job
Obsidian Security,Software Engineer - AI Security Product,"Palo Alto, CA",2027-SWE-College-Jobs,Other,"$155,000 - $180,000   USD",33d,https://job-boards.greenhouse.io/obsidiansecurity/jobs/5290880008
VantageScore,Software Engineer - Contract,"South San Francisco, CA +1",2027-SWE-College-Jobs,Other,$50 - $60/HR,33d,https://job-boards.greenhouse.io/vantagescore/jobs/4305333009
Anduril,Mission Software Engineer - EW,"Costa Mesa, CA",2027-SWE-College-Jobs,Other,"$166,000 - $220,000   USD",34d,https://boards.greenhouse.io/andurilindustries/jobs/5161108007?gh_jid=5161108007
Varsity Brands,Software Engineer - Early Career,"Farmers Branch, TX",2027-SWE-College-Jobs,Other,,34d,https://varsitybrands.wd503.myworkdayjobs.com/en-US/ExternalCareerSite/job/TX---Farmers-Branch/Software-Engineer---Early-Career_JR113366-1
Accenture Federal Services,Junior DevOps Engineer,"Hanover, MD",2027-SWE-College-Jobs,Other,"$62,900  -  $120,500",35d,https://boards.greenhouse.io/accenturefederalservices/jobs/4690994006?gh_jid=4690994006
Mercury,Software Engineer - Product,"Remote - San Francisco, CA +2",2027-SWE-College-Jobs,Other,"$122,400 - $158,400",35d,https://job-boards.greenhouse.io/mercury/jobs/6101145004
Swift,Jr. Software Development Engineer in Test - SDET,"Manassas, VA",2027-SWE-College-Jobs,Other,,35d,https://swift.wd3.myworkdayjobs.com/en-US/join-swift/job/Manassas-United-States/Jr-Software-Development-Engineer-in-Test--SDET-_2026-15625
Accenture Federal Services,Pega Application Developer,"Arlington, VA +1",2027-SWE-College-Jobs,Other,"$64,000  -  $124,200",36d,https://boards.greenhouse.io/accenturefederalservices/jobs/4693259006?gh_jid=4693259006
Booz Allen,DevOps Engineer,"Dayton, OH +1",2027-SWE-College-Jobs,Other,"$61,900.00 to $141,000.00",36d,https://bah.wd1.myworkdayjobs.com/en-US/bah_jobs/job/Dayton-OH/DevOps-Engineer_R0243422
Nightwing,Software Developer,"Annapolis Junction, MD",2027-SWE-College-Jobs,Other,"$64,000-$128,000",36d,https://nwis.wd12.myworkdayjobs.com/en-US/nw/job/Annapolis-Junction-MD/Software-Developer_JR101831
The Morning Star Company,Dashboard and Report Developer,"Woodland, CA",2027-SWE-College-Jobs,Other,"$75,000 - $100,000",36d,http://themorningstarcompany.applytojob.com/apply/R6de7cZjkJ/Dashboard-And-Report-Developer
Valinor,Full-Stack Software Engineer - C2 & Tactical Integration,"Nashville, TN",2027-SWE-College-Jobs,Other,,36d,https://jobs.ashbyhq.com/valinor/c2fbf6c0-fa83-4f51-885d-3ac09eb1e80e
Vestmark,Software Engineer,"Boston, MA",2027-SWE-College-Jobs,Other,"$80,000 - $110,000   USD",36d,https://job-boards.greenhouse.io/vestmark/jobs/8009953
Carnegie Mellon University,Systems Software Engineer - Computing Services,"Pittsburgh, PA",2027-SWE-College-Jobs,Other,,37d,https://cmu.wd5.myworkdayjobs.com/en-US/cmu/job/Pittsburgh-PA/Systems-Software-Engineer---Computing-Services_2024765
Home Depot,Software Engineer II - Marketing Technology - Remote,"Remote - Georgia, USA",2027-SWE-College-Jobs,Other,"$90,000.00 - $170,000.00",37d,https://homedepot.wd5.myworkdayjobs.com/en-US/careerdepot/job/GEORGIA---VIRTUAL---GA01/Software-Engineer-II---Orange-Apron-Media--Remote-_Req184687
Viridien,Software Asset Analyst,"Houston, TX +1",2027-SWE-College-Jobs,Other,,37d,https://cgg.wd103.myworkdayjobs.com/en-US/viridiencareers/job/Houston-United-States-of-America/Software-Asset-Analyst_JR101358
Discord,Software Engineer - Developer Success,"San Francisco, CA",2027-SWE-College-Jobs,Other,"$160,000 to $180,000",39d,https://job-boards.greenhouse.io/discord/jobs/8609250002
Applied Intuition,Android Software Engineer - Applications,"Sunnyvale, CA",2027-SWE-College-Jobs,Other,"$147,000 - $265,000",40d,https://jobs.ashbyhq.com/applied/ffd8635d-43d5-4298-a29c-67eaa45c5a4a
BlackRock,Associate - Frontend Software Engineer - React,"Chicago, IL",2027-SWE-College-Jobs,Other,"$120,000.00 (Est.)",40d,https://blackrock.wd1.myworkdayjobs.com/en-US/blackrock_professional/job/Chicago-IL/Associate--Frontend-Software-Engineer--React-_R264790
Bosch,Rotational Development Program - Software Engineer - Power Solutions,"Farmington Hills, MI",2027-SWE-College-Jobs,Other,,40d,https://jobs.smartrecruiters.com/BoschGroup/744000134464179-rotational-development-program-software-engineer-power-solutions-?oga=true
CACI,DevOps Engineer - Junior,"Denver, CO +2",2027-SWE-College-Jobs,Other,"$58,000-$115,900",40d,https://caci.wd1.myworkdayjobs.com/en-US/external/job/Denver-CO-US/DevOps-Engineer---Junior_327971
Hewlett Packard Enterprise,Software Engineer,"Westford, MA",2027-SWE-College-Jobs,Other,,40d,https://hpe.wd5.myworkdayjobs.com/en-US/acjobsite/job/Westford-Massachusetts-United-States-of-America/Software-Engineer_1208770
Hewlett Packard Enterprise,Software Engineer,"Westford, MA",2027-SWE-College-Jobs,Other,,40d,https://hpe.wd5.myworkdayjobs.com/en-US/jobsathpe/job/Westford-Massachusetts-United-States-of-America/Software-Engineer_1208770-1
Torc Robotics,Software Integration Engineer,"Ann Arbor, MI",2027-SWE-College-Jobs,Other,"$98,800 - $118,600   USD",40d,https://job-boards.greenhouse.io/torcrobotics/jobs/8602204002
Ridgeline,Content Developer,"San Ramon, CA",2027-SWE-College-Jobs,Other,"$76,000 - $97,000",41d,https://boards.greenhouse.io/ridgeline/jobs/7784169003?gh_jid=7784169003
Walker & Dunlop,Experienced Front-End Insurance Analyst,"Overland Park, KS +3",2027-SWE-College-Jobs,Other,"$64,000 - $75,000",41d,https://walkerdunlop.wd1.myworkdayjobs.com/en-US/wd/job/Overland-Park-KS-USA/Experienced-Front-End-Insurance-Analyst_Req-1947
WHOOP,Software Engineer I - Frontend - Growth,"Boston, MA",2027-SWE-College-Jobs,Other,,41d,https://jobs.ashbyhq.com/whoop/ede8ba03-c763-49a1-9e6c-4a296fefd087
Nike,Software Engineer,"Beaverton, OR",2027-SWE-College-Jobs,Other,,42d,https://nike.wd1.myworkdayjobs.com/en-US/nke/job/Beaverton-Oregon/Software-Engineer_R-86521-1
ThreatLocker,Junior DevOps Engineer,"Orlando, FL",2027-SWE-College-Jobs,Other,,42d,https://job-boards.greenhouse.io/threatlocker/jobs/6100007004
Civis Analytics,Software Engineer - Contract,"Remote - Chicago, IL +1",2027-SWE-College-Jobs,Other,"$90,000 (Est.)",43d,https://job-boards.greenhouse.io/civisanalytics/jobs/8021887
Hewlett Packard Enterprise,Software Engineer I -Embedded System,"Sunnyvale, CA",2027-SWE-College-Jobs,Other,,43d,https://hpe.wd5.myworkdayjobs.com/en-US/jobsathpe/job/Sunnyvale-California-United-States-of-America/SW-Engineering--Systems----Software-Engineer-I--Embedded-System_1200169-2
PayPal,Software Engineer - Cloud Infrastructure and Devops,"San Jose, CA +2",2027-SWE-College-Jobs,Other,"$116,500.00 - $173,250.00",43d,https://paypal.wd1.myworkdayjobs.com/en-US/jobs/job/San-Jose-California-United-States-of-America/Software-Engineer---Cloud-Infrastructure-and-Devops_R0136771
LexisNexis,Software Engineer II EST Preferred - Hybrid in Horsham - PA,"Horsham, PA",2027-SWE-College-Jobs,Other,"$71,600 - $119,400",44d,https://relx.wd3.myworkdayjobs.com/en-US/lexisnexislegal/job/Horsham-PA/Software-Engineer-II-----EST-Preferred---Hybrid-in-Horsham--PA_R110017-1
LexisNexis Reed Tech,Software Engineer II EST Preferred - Hybrid in Horsham - PA,"Horsham, PA",2027-SWE-College-Jobs,Other,"$71,600 - $119,400",44d,https://relx.wd3.myworkdayjobs.com/en-US/reedtech/job/Horsham-PA/Software-Engineer-II-----EST-Preferred---Hybrid-in-Horsham--PA_R110017
Suvoda,Software Developer,"Conshohocken, PA +1",2027-SWE-College-Jobs,Other,,47d,https://www.suvoda.com/careers/job-openings?gh_jid=8599192002
ITA-International,Junior Power Platform Developer,USA,2027-SWE-College-Jobs,Other,"$75,000 - $125,000",48d,https://careers-ita-intl.icims.com/jobs/4470/junior-power-platform-developer/job
CHAOS Industries,Forward Deployed Engineer - Software,"Los Angeles, CA +1",2027-SWE-College-Jobs,Other,"$140,000 - $240,000",49d,https://job-boards.greenhouse.io/chaosindustries/jobs/5166387007
Thales,Software Development Engineer in Test,"San Jose, CA",2027-SWE-College-Jobs,Other,"$158,365.00 - 197,956.25 USD",49d,https://thales.wd3.myworkdayjobs.com/en-US/careers/job/San-Jose/Software-Development-Engineer-in-Test_R0328540-1
ARSIEM,390 - Jr. Software Engineer,"Ft. Meade, MD",2027-SWE-College-Jobs,Other,"$103,000 - $115,000",50d,https://jobs.lever.co/arsiem/55fc1d5c-1a48-4386-a1e5-3ac54ca2dee7
Parsons,Software Engineer TS,"Centreville, VA",2027-SWE-College-Jobs,Other,"$63,600.00 - $111,300.00",51d,https://parsons.wd5.myworkdayjobs.com/en-US/search/job/US---VA-Centreville/Software-Engineer_R175644-1
Anduril,2027 Early Career Software Engineer,"Atlanta, GA +5",2027-SWE-College-Jobs,Other,"$112,000 - $149,000   USD",54d,https://boards.greenhouse.io/andurilindustries/jobs/5162263007?gh_jid=5162263007
CHAOS Industries,Field Software Engineer,"Los Angeles, CA +1",2027-SWE-College-Jobs,Other,"$140,000 - $240,000",54d,https://job-boards.greenhouse.io/chaosindustries/jobs/5162754007
Parsons,Red Team Software Developer,"Fort Belvoir, VA",2027-SWE-College-Jobs,Other,"$148,300.00 - $266,900.00",55d,https://parsons.wd5.myworkdayjobs.com/en-US/search/job/US---VA-Fort-Belvoir/Red-Team-Software-Developer_R180544
Voxel,Software Engineer - Perception,"San Francisco, CA",2027-SWE-College-Jobs,Other,"$130,000 - $180,000",55d,https://jobs.ashbyhq.com/voxel/9614f69a-b74b-486f-97b9-081f769cf804
Pariveda,Technical Software Consultant,"El Segundo, CA",2027-SWE-College-Jobs,Other,"$85,400 - $94,000",56d,https://jobs.ashbyhq.com/pariveda/dc6d0202-395c-42b0-b55e-0f95e3f49c40
Pariveda,Technical Software Consultant,"San Francisco, CA",2027-SWE-College-Jobs,Other,"$91,800 - $101,000",56d,https://jobs.ashbyhq.com/pariveda/d825ed65-edd8-4540-92c9-4c01f2b6a982
Sirius,Backend Engineer,"San Francisco, CA",2027-SWE-College-Jobs,Other,"$120,000 - $180,000",56d,https://jobs.ashbyhq.com/thesirius/662f4814-c1d4-4361-a4f6-b21b6bf9426e
Sirius,Frontend Engineer,"San Francisco, CA",2027-SWE-College-Jobs,Other,"$120,000 - $180,000",56d,https://jobs.ashbyhq.com/thesirius/5afbe563-76e6-4772-8da4-5ca3c170e504
Booz Allen,C++ Software Engineer - Junior,"Beavercreek, OH",2027-SWE-College-Jobs,Other,"$55,200.00 to $126,000.00",57d,https://bah.wd1.myworkdayjobs.com/en-US/bah_jobs/job/Beavercreek-OH/C---Software-Engineer--Junior_R0241788
Texas Capital Bank,Finance Analytics Developer,"Richardson, TX",2027-SWE-College-Jobs,Other,,58d,https://texascapitalbank.wd12.myworkdayjobs.com/en-US/careers/job/Richardson-TX/Business-Analytics-Product-Owner_JR105067
Blackstone,Software Engineer - Associate - Enterprise Technology,"New York City, NY",2027-SWE-College-Jobs,Other,"$106,000 - $170,000",61d,https://blackstone.wd1.myworkdayjobs.com/en-US/blackstone_careers/job/New-York/Platform-Engineer--Associate---Physical-Security_41692-1
METECS,Junior Simulation Software Engineer,"Houston, TX",2027-SWE-College-Jobs,Other,,61d,http://metecs.applytojob.com/apply/WykvenszhG/Junior-Simulation-Software-Engineer
Axos Bank,Jr. Personalization Developer,"San Diego, CA",2027-SWE-College-Jobs,Other,,62d,https://axos.wd5.myworkdayjobs.com/en-US/axos/job/HQ---San-Diego-CA/Jr-Personalization-Developer_JR4744
City of San Francisco,1042 - Oracle APEX and Python Developer,"San Francisco, CA",2027-SWE-College-Jobs,Other,"$140,764.00 - $177,060.00",62d,https://jobs.smartrecruiters.com/CityAndCountyOfSanFrancisco1/3743990013452026-1042-oracle-apex-and-python-developer?oga=true
Clera,Founding Engineer - Full Stack,"San Francisco, CA",2027-SWE-College-Jobs,Other,"$150,000 – $250,000",62d,https://jobs.ashbyhq.com/clera/cea943d6-817f-441c-baa1-d295916ace46
Rundoo,Software Engineer,"Redwood City, CA",2027-SWE-College-Jobs,Other,"$186,000 - $186,000",62d,https://jobs.ashbyhq.com/rundoo/c1fa53ea-dadf-4dcf-a144-f71bda03c9fa
Belay Technologies,Junior Software Engineer,"Annapolis Junction, MD",2027-SWE-College-Jobs,Other,"$70,000 to $190,000",64d,http://belaytechnologies.applytojob.com/apply/6XkgXjwrHB/Junior-Software-Engineer
Leidos,Junior Python Developer,"Chantilly, VA +1",2027-SWE-College-Jobs,Other,"$69,550.00 - $125,725.00",64d,https://leidos.wd5.myworkdayjobs.com/en-US/external/job/Chantilly-VA/Junior-Python-Developer_R-00183794-1
Robinhood,Software Engineer,"Menlo Park, CA",2027-SWE-College-Jobs,Other,"$161,637 - $200,000",64d,https://boards.greenhouse.io/robinhood/jobs/7975558?t=gh_src=&gh_jid=7975558
Robinhood,Software Engineer,"Menlo Park, CA",2027-SWE-College-Jobs,Other,"$113,277 - $155,000",64d,https://boards.greenhouse.io/robinhood/jobs/7975550?t=gh_src=&gh_jid=7975550
Robinhood,Software Engineer,"Menlo Park, CA",2027-SWE-College-Jobs,Other,"$161,637 - $195,000",64d,https://boards.greenhouse.io/robinhood/jobs/7975526?t=gh_src=&gh_jid=7975526
Robinhood,Software Engineer,"Menlo Park, CA",2027-SWE-College-Jobs,Other,"$135,699 - $150,000",64d,https://boards.greenhouse.io/robinhood/jobs/7975529?t=gh_src=&gh_jid=7975529
Robinhood,Software Engineer,"Menlo Park, CA",2027-SWE-College-Jobs,Other,"$161,637 - $195,000",64d,https://boards.greenhouse.io/robinhood/jobs/7975531?t=gh_src=&gh_jid=7975531
NAVEX,Junior Software Engineer,"Lake Oswego, OR +2",2027-SWE-College-Jobs,Other,,65d,https://jobs.dayforcehcm.com/en-US/navex/jobopenings/jobs/4334
BLN24,Junior Data Integration Developer,"McLean, VA",2027-SWE-College-Jobs,Other,,67d,http://bln24.applytojob.com/apply/u4LnqCH1Tz/Junior-Data-Integration-Developer
Displai,Software Engineer - Agentic AI,"Boston, MA +1",2027-SWE-College-Jobs,Other,,67d,https://jobs.ashbyhq.com/displai/14171ec3-2ba9-4e54-9a06-80b63855d4be
Avive Solutions,Firmware Engineer - IoT,"Brisbane, CA",2027-SWE-College-Jobs,Other,"$125,000 - $155,000",68d,https://jobs.lever.co/AviveSolutions/6d982360-d21c-4389-8a75-9a971d644f1d
Axos Bank,AVP - Frontend Outsystems Manager,"San Diego, CA +3",2027-SWE-College-Jobs,Other,"$110,000.00 (Est.)",68d,https://axos.wd5.myworkdayjobs.com/en-US/axos/job/San-Diego-CA/AVP--Frontend-Engineer_JR1041
SHI,Cloud Adoption Specialist - AWS,"Austin, TX",2027-SWE-College-Jobs,Other,"$90,000 - $120,000",70d,https://shi.wd12.myworkdayjobs.com/en-US/shicareers/job/Austin-TX-USA/Cloud-Adoption-Specialist---AWS_JR3113-1
True Anomaly,Software Integration Engineer,"Denver, CO +1",2027-SWE-College-Jobs,Other,"$90,000 - $280,000",74d,https://job-boards.greenhouse.io/trueanomalyinc/jobs/5144935007
Fantom Corporation,Jr Software Engineer,"Hanover, MD",2027-SWE-College-Jobs,Other,,75d,https://jobs.lever.co/fantom-corporation/cadde118-07a1-468c-adf2-73092441d9ed
IsI Enterprises,Junior Cloud Engineer - Hybrid,"Herndon, VA",2027-SWE-College-Jobs,Other,"$80,000 - $95,000",75d,http://isienterprises.applytojob.com/apply/MFGArI1zqR/Junior-Cloud-Engineer-Hybrid
The University of Texas at Austin,Software Development Engineer - Texas Institute for Electronics,"Austin, TX",2027-SWE-College-Jobs,Other,,75d,https://utaustin.wd1.myworkdayjobs.com/en-US/utstaff/job/AUSTIN-TX/Software-Development-Engineer_R_00044186
Cadence,Software Engineer I,"Austin, TX",2027-SWE-College-Jobs,Other,"$88,900 to $165,100",76d,https://cadence.wd1.myworkdayjobs.com/en-US/external_careers/job/AUSTIN-03/Software-Engineer-I_R53009-1
ICONIQ Capital,Full Stack Engineer - Associate,"New York City, NY",2027-SWE-College-Jobs,Other,"$100,000 to $135,000",76d,https://job-boards.greenhouse.io/icapitalnetwork/jobs/8549590002
TickPick,Software Engineer,"New York City, NY",2027-SWE-College-Jobs,Other,"$100,000 to $130,000",76d,https://apply.workable.com/tickpick/j/5840ECEB50/
Dutch,Front-End Engineer,"Oakland, CA",2027-SWE-College-Jobs,Other,"$90,000 - $120,000",77d,https://jobs.lever.co/dutch/bbbd283b-2632-4ad1-8d43-87b072e247c5
Sonos,Junior Embedded Software Development Engineer,"Boston, MA",2027-SWE-College-Jobs,Other,"$93,000 (Est.)",77d,https://sonos.wd1.myworkdayjobs.com/en-US/sonos/job/Boston-MA/Junior-Embedded-Software-Development-Engineer_R2666
Neuralink,Software Design Control Engineer,"Austin, TX +1",2027-SWE-College-Jobs,Other,"$71,000  -  $119,000",78d,https://boards.greenhouse.io/neuralink/jobs/7738240003?gh_jid=7738240003
Relativity,Software Engineer,"Illinois, USA",2027-SWE-College-Jobs,Other,"$79,000 (Est.)",79d,https://kcura.wd1.myworkdayjobs.com/en-US/external_career_site/job/Illinois/Software-Engineer_26-0232
Thumbtack,Software Engineer - AI/ML Infrastructure - US-Based,"San Francisco, CA",2027-SWE-College-Jobs,Other,"$145,400 - $188,100",82d,https://jobs.ashbyhq.com/thumbtack/3efb1a7b-cfaf-475a-86a9-abff37581b4b
Traeger Grills,Junior Dev Ops Engineer,"Salt Lake City, UT",2027-SWE-College-Jobs,Other,,82d,https://job-boards.greenhouse.io/traegergrills/jobs/7852723
ServiceNow,Software Engineer - Agentic AI Systems - Moveworks,"Mountain View, CA",2027-SWE-College-Jobs,Other,,83d,https://jobs.smartrecruiters.com/ServiceNow/744000126417779-software-engineer-agentic-ai-systems-moveworks?oga=true
PTC,Junior Software Engineer,"USA-San Mateo, CA",2027-SWE-College-Jobs,Other,"$85,000 (Est.)",84d,https://ptc.wd1.myworkdayjobs.com/en-US/ptc/job/USA-San-Mateo-CA/Junior-Software-Engineer_JR112167
ResMed,Associate - Android Developer,"San Diego, CA",2027-SWE-College-Jobs,Other,"$89,000 - $133,000",85d,https://resmed.wd3.myworkdayjobs.com/en-US/resmed_external_careers/job/San-Diego-CA-United-States/Engineer-Cloud-Development_JR_047681-1
TP-Link,2026 Early Career Embedded Software Engineer,"Irvine, CA",2027-SWE-College-Jobs,Other,"$100,000 - $120,000",85d,https://apply.workable.com/tp-link-usa-corp/j/F943A617EC/
Zoox,Software Engineer - Android,"Foster City, CA",2027-SWE-College-Jobs,Other,"$136,000 - $206,000",88d,https://jobs.lever.co/zoox/d48270e1-81e0-4f04-ab9e-d1fc25313f76
Synergy ECP,Software Engineer,"Annapolis Junction, MD",2027-SWE-College-Jobs,Other,"$130,000 (Est.)",89d,https://jobs.lever.co/synergyecp/9937b3dd-fa2f-40ae-995b-3a896a0e3bd9
CLEAR,Software Engineer - Infrastructure,"New York City, NY",2027-SWE-College-Jobs,Other,"$105,000-$125,000",90d,https://job-boards.greenhouse.io/clear/jobs/7901600
Worldscape Technology,Junior Game Developer,"Redmond, WA",2027-SWE-College-Jobs,Other,"$90,000 - $120,000",90d,https://jobs.lever.co/worldscape-technology/53fd0503-de34-4991-aa18-729da709c04e
M&S Consulting,Developer I - Salesforce Integration - Tier 2 Security Clearance,USA,2027-SWE-College-Jobs,Other,,91d,http://mandsc.applytojob.com/apply/bQOBIRNOGY/Developer-I-Salesforce-Integration-Tier-2-Security-Clearance
M&S Consulting,Software Engineer I — Salesforce Integration - Tier 2 Security Clearance,USA,2027-SWE-College-Jobs,Other,,91d,http://mandsc.applytojob.com/apply/oxEXxmWzn1/Software-Engineer-I-Salesforce-Integration-Tier-2-Security-Clearance
Plaid,Software Engineer - Backend,"San Francisco, CA",2027-SWE-College-Jobs,Other,"$176,400 - $226,800",92d,https://jobs.ashbyhq.com/plaid/5c5d4414-347c-4caa-be88-384dec2d074b
Plaid,Software Engineer - Backend,"New York City, NY",2027-SWE-College-Jobs,Other,"$176,400 - $226,800",92d,https://jobs.ashbyhq.com/plaid/7e10c0b5-a09a-4e07-aaa8-899a7f82a0c9
Zone 5 Technologies,Embedded Software Engineer I/II,"San Luis Obispo, CA",2027-SWE-College-Jobs,Other,"$95,000  -  $139,000",92d,https://job-boards.greenhouse.io/zone5technologies/jobs/5209498008
Fuser,Jr. Full Stack Engineer,"Los Angeles, CA",2027-SWE-College-Jobs,Other,"$70,000 - $90,000",96d,https://jobs.ashbyhq.com/fuser/2a107a06-49cd-408b-bbf9-bb6346886215
Astranis Space Technologies,Flight Software Associate - Fall 2026,"San Francisco, CA",2027-SWE-College-Jobs,Other,"$1,925 - $1,925   USD",97d,https://job-boards.greenhouse.io/astranis/jobs/4619289006
Home Depot,Software Engineer II - Enterprise Data Warehouse - Remote,"Remote - Georgia, USA",2027-SWE-College-Jobs,Other,"$90,000.00 - $170,000.00",98d,https://homedepot.wd5.myworkdayjobs.com/en-US/careerdepot/job/GEORGIA---VIRTUAL---GA01/Software-Engineer-II---Enterprise-Data-Warehouse--Remote-_Req178729
DV Trading,Software Developer - New York,"Chicago, IL +2",2027-SWE-College-Jobs,Other,"$150,000 - $250,000   USD",99d,https://job-boards.greenhouse.io/dvtrading/jobs/4687462005
DV Trading,Software Developer - Chicago,"Chicago, IL +2",2027-SWE-College-Jobs,Other,"$150,000 - $250,000   USD",99d,https://job-boards.greenhouse.io/dvtrading/jobs/4687398005
DV Trading,Software Developer - Toronto,"Chicago, IL +2",2027-SWE-College-Jobs,Other,,99d,https://job-boards.greenhouse.io/dvtrading/jobs/4687466005
Ciena,Enterprise Integration Developer,"Baltimore, MD",2027-SWE-College-Jobs,Other,"$94,099.00- $147,600.00",103d,https://ciena.wd5.myworkdayjobs.com/en-US/careers/job/Baltimore/Enterprise-Integration-Developer_R030725
Tatitlek,Junior Software Developer,USA,2027-SWE-College-Jobs,Other,,103d,https://careers-tatitlek.icims.com/jobs/2577/junior-software-developer/job
Valerie Health,Software Engineer,"San Francisco, CA",2027-SWE-College-Jobs,Other,,103d,https://jobs.ashbyhq.com/valeriehealth/ee23652a-c33f-4e88-b0eb-a750e444d14b
Amentum,Software Programmer - Associate,"Tullahoma, TN",2027-SWE-College-Jobs,Other,"$100,000-$124,000",107d,https://pae.wd1.myworkdayjobs.com/en-US/amentum_careers/job/US-TN-Tullahoma/Software-Programmer---Associate_R0159654
Amentum,Software Programmer - Career,"Tullahoma, TN",2027-SWE-College-Jobs,Other,"$145,000 (Est.)",107d,https://pae.wd1.myworkdayjobs.com/en-US/amentum_careers/job/US-TN-Tullahoma/Software-Programmer---Career_R0159650
Saronic Technologies,Systems Software Engineer,"Austin, TX",2027-SWE-College-Jobs,Other,,109d,https://jobs.ashbyhq.com/saronic/e7e93e6e-1c61-45e6-8209-e6276564535d
Foxconn Industrial Internet - FII,Full Stack Web Developer,"Houston, TX",2027-SWE-College-Jobs,Other,,113d,http://foxconnassemblyllc.applytojob.com/apply/pZ5w10bcXa/Full-Stack-Web-Developer
SparkFun,Product Test Developer I,"Niwot, CO",2027-SWE-College-Jobs,Other,,114d,https://apply.workable.com/sparkfun-electronics-2/j/B929FF21FE/
Loft Orbital,Frontend Engineer,"Golden, CO",2027-SWE-College-Jobs,Other,"$130,000 - $180,000",117d,https://jobs.lever.co/loftorbital/37f45d77-4e6c-4ad0-bdc5-82cf095c9285
Raytheon,2026 Fulltime Raytheon Software Engineer II - Test Equipment - Onsite,"Tucson, AZ",2027-SWE-College-Jobs,Other,"$68,900 USD - 131,100 USD",117d,https://globalhr.wd5.myworkdayjobs.com/en-US/rec_rtx_ext_gateway/job/US-AZ-TUCSON-801--1151-E-Hermans-Rd--BLDG-801-External-Site/XMLNAME-2026-Fulltime-Raytheon-Software-Engineer-II---Test-Equipment---Onsite_01790413
Unlimited,Software Engineer - Junior,"San Francisco, CA",2027-SWE-College-Jobs,Other,,118d,https://jobs.ashbyhq.com/unlimitedindustries/5c5706fe-26ae-46d6-8423-e4721a5a98fc
Zettabyte,Software Engineer - New Grad,"Palo Alto, CA",2027-SWE-College-Jobs,Other,,118d,https://jobs.ashbyhq.com/zettabyte-space/50a9c6dc-7225-4ff0-a914-69d1dd325d6a
Siemens Healthineers,Software Engineer - DevOps/.NET/Azure,"Hermiston, OR",2027-SWE-College-Jobs,Other,"$76,330 - $104,951",119d,https://onehealthineers.wd3.myworkdayjobs.com/en-US/shsjb/job/HES/DevOps-Engineer_R-26937-1
